id,question,ground_truth,predicted,raw_output,correct,rag_context
7007efe5-88cb-4469-807b-74ff91928c59,Most common site of Mucosa associated lymphoid tissue (MALT) is _________,D,A,A. Stomach,False,
212e054f-acc4-49dd-84f7-af637d52a36e,Action of adrenaline on which of the following receptor is not required in the treatment of analphylactic shock,B,D,D. β2,False,
2266de82-0948-4742-8dc5-fe71613690fe,Painful vaginal ulcer with inguinal lymphadenopathy and school of fish appearance of microorganism or microscopy are characteristic of:,D,A,A. Syphilis,False,
ea98544d-2b35-42ec-b86a-bf7b69733890,Increased risk of endometrial and ovarian cancer is seen in,A,B,B. Peutz-jeghers,False,
910ce5cc-3aed-43ae-ac07-f084f337737a,Which of the following grains can be used safely in patients with celiac sprue:,A,A,A. Rice,True,
b9f7e052-05cd-4e9b-b81c-d1b26e75a569,Best confirmation for pregnancy at six weeks?,A,C,C. Estimation of serum beta,False,
b53eeb9f-8102-4d33-a224-765b52530dd0,Frey's syndrome occurs due to damage to which nerve during Parotid gland surgery?,D,B,B. Lesser petrosal nerve,False,
1b2ad03c-00c0-4e20-9f9a-04413d17c79e,Retrospective study is -,A,B,B. Cohort study,False,
2adcb209-50f6-4259-960a-2c6a38c776ca,Retinal neovacularization is seen in A/E,C,A,A. Diabetic retinopath,False,
25dd9fb9-b8f2-422e-abc3-f642149eb23d,"A 30 year old lady presents with features of malabsorption and iron deficiency anaemia. Duodenal biopsy shows complete villous atrophy, Probable diagnosis can be asceained on detection of which antibody :",A,B,B. Anti-goblet cell,False,
bb82ecaa-cac5-4d1e-96ba-19d74723318a,Septic ahritis in a 2 year old child is often caused by-,B,D,D. Pneumococci,False,
e086afec-9497-432b-ac84-19af4f460f6e,Which is a serine protease:,B,D,D. Chymotrypsin,False,
52273733-3475-4dc8-8e26-0b8fb1555e30,Percentage of glutaraldehyde used ?,B,A,A. 1%,False,
04bbd3ee-990c-4a18-a095-953ee2dabef0,The following organism because of its easy culture methods is widely used as bacteriology indicator of water pollution-,B,B,B. Escherichia col,True,
506b1c4e-109c-477a-9dc9-c445286458ca,Death sentence can be awarded by:,D,C,C. Chief Judicial magistrate,False,
2c331a51-4be5-4c14-9c60-c105d734e8b2,Which NSAID undergoes enterohepatic circulation?,D,B,B. Aspirin,False,
af5fafaf-f6c9-4f8c-9746-654d80e71322,Descending order of types of viruses causing paralytic polio,C,A,"A. Type 1, type",False,
7b4d7139-c865-40cc-8570-e58c347d16ef,Radiotherapy associated caries is due to irradiation of which part most probably?,C,D,D. Lower jaw,False,
8022bedb-716d-406c-a52e-3195653c7382,Role of Vitamin K for activation in dotting cycle-,A,A,A. Carboxylation,True,
1f5ec472-ed47-4eda-8a99-2c9716a0cbe2,A patient presents with a frontal abscess. Foul-smelling pus is aspirated. Pus shows red fluorescence on the ultraviolet examination. The most likely organism causing the frontal abscess is,A,A,A. Prevotella,True,
453173bf-6579-4375-9b11-55785c6b9c8e,Type-I lepra reaction is commonly seen in:,C,A,A. Histoid Leprosy,False,
b8a32a38-4d3d-492e-8c95-dab9cb707ebd,Commonest complication of Zenker&;s diveiculum is,C,B,B. Gastroesophageal,False,
67e4add6-62b7-4016-82df-b6cf60092394,Active tension in a muscle depends upon which of the following,B,B,B. Number of motor units recruited,True,
c1927c06-067a-45de-9107-695e4a7d1415,Carbon monoxide effect on O2 dissociation curve is,B,A,A. Shift to right,False,
0870eb4d-966c-40e3-8cb3-7003da804f90,Virus causing sensori-neural hearing loss (unilateral SNHL),B,A,A. Rubella,False,
c8ba2673-6a06-4111-908a-5ae1536c899f,Casal necklace is seen in-,C,A,A. Scurvy,False,
ce018686-5e5a-4f8d-a803-5ea98c5fce9e,A 11-month-old child came for vaccination. He had received Polio vaccine & BCG at birth. What vaccines should be given to him now?,B,D,"D. DPT, OPV,",False,
b7e64d7a-9326-4b27-bd13-4d13029fa558,Which of the following is not attached to oblique line thyroid cartilage:,D,D,D. Superior constrictor,True,
4bb65e0b-9f4d-4de3-8518-b5dfda38c42a,Kyasanur forest disease (KFD) is transmitted by -,C,B,B. Sand fly,False,
dece6b72-b1c1-416c-989f-8393064555b7,"The WHO announced, immunisation is a primary responsibility of -",A,B,B. International community,False,
7164e888-1ab5-43a4-abee-a9595e8ca250,The sputum specimen of a 70 year old male was cultured on a 5% sheep blood agar. The culture showed the presence of α-hemolytic colonies next day. The further processing of this organism is most likely to yield -,B,A,A. Gram positive cocci in short,False,
b8521fe5-43b2-4805-99f8-aa536ed9648e,Which is not a branch of cavernous part of internal carotid artery?,D,A,A. Cavernous branch,False,
9558fa21-09e6-40f8-9f10-d320ccf8907d,Disadvantage of having a short sprue is:,C,C,C. Incomplete evacuation of g,True,
0e956e8d-cefc-4b7b-84b5-fb933f188e5b,Amatoxins in mushroom poisoning acts by inhibiting-,B,C,C. Adenosine,False,
84843c24-d88b-4e1a-a041-72c3339bf914,Advantage of Zinc containing amalgam is:,A,A,A. Better handling property,True,
6f9ea15e-0231-415d-bd9c-66c9dd222820,Transamination of pyruvate with glutamate leads to:,D,A,A. Oxaloacetate and,False,
794ffa5b-0ab2-41b8-a697-69cbb1ade522,Which does not cause skin involvement -,D,D,D. M. Kansasii,True,
39c9e781-846c-49ae-bf0e-420ec6bee5c5,Langerhans cell CD marker is?,A,A,A. CD1,True,
9357bb95-0fcb-455b-bfcf-63a41bba11f3,Which of the following would be the most appropriate treatment for rehabilitation of a patient who has bilateral profound deafness following surgery for bilateral acoustic schwannoma -,D,B,B. Bilateral cochlear impl,False,
b635d187-f40d-4b4e-a4a4-c50fb2a0937f,Ideal graft for leg injury with 10 x 10 cm. exposed bone,B,A,A. Amniotic member graft,False,
1fd3115e-141f-4fed-9eec-a91abe882a55,Most common source of infection for whooping cough ?,C,A,A. Chronic carrier,False,
843e6dc2-71b2-466c-9352-7703a501f19f,Frost bite rapid rewarming is done with which tempeaure,B,B,B. 42c,True,
65a9081b-442a-4597-bfee-e6e1e2a29ee0,"The Most common gene defect in ""Idiopathic Steroid Resistant Nephrotic Syndrome"":",B,B,B. NPHS 2,True,
42eb406d-47d4-42cc-a064-c79d87b304ff,Vibrio parahemolyticus food poisoning is caused by ingestion of -,C,C,"C. Catfish, shellfish,",True,
fb2cf0c0-7b85-4ba0-b985-153b7bad10d7,"A PATIENT WAS ON LITHIUM THERAPY FOR BIPOLAR DISORDER FOR 6MONTHS SHE KEPT THE FAST FOR FEW DAYS .SHE PRESENTED WITH S3 , COARSE TREMORS , CONFUSION AND WEAKNESS OF LIMBS. WHICH OF THE FOLLOWING SHOULD BE DONE NEXT TO ASSESS HER CONDITION ?",D,A,A. S.ELECTROLY,False,
3f730aff-4518-4220-8edc-196684a1d2f8,MC gene involved in endometrial carcinoma,A,D,D. Mismatch repair genes,False,
3858e9ad-fbb3-4373-8c22-f932034a83f2,Which instrument is used to visualize the angle of anterior chamber? (D. REPEAT 2013),C,C,C. Gonioscopy,True,
7e81e04a-976b-464f-bd26-1c2cf2892888,Mechanism of action of aboion stick used in criminal aboion:AIIMS 06; AI 08,B,A,A. Necrosis of end,False,
b4927e86-b0a7-4d63-9eed-103943eb8644,An ulcer that may develop in burn tissue is,A,A,A. Marjolins,True,
e3e32f6a-713d-4895-8bd7-f31c363fad4f,CO2 increases ventilation by acting mainly on receptors of -,C,B,B. Pneumotaxic center,False,
72949d15-5c80-4643-9c9d-54e7d812ff41,"64 year old male died due to RTA. On examination, his vessels showed following clots. Diagnosis?",B,A,A. Lines of Zahn,False,
7a603add-33a7-4a96-a9a9-f72b482cb41c,How much is the probable bilirubin level of this neonate?,D,A,A. 6 mg/dl,False,
aab021f3-bf07-428d-a0ad-bb9cb439bbae,Rotigotine is ?,A,A,A. Dopamine agonist,True,
7764514c-7847-45c0-b3ff-130210105bab,"A 25-yr man C/O recurrent episodes of flexural eczema, contact urticaria, recurrent skin infections & severe abdominal cramps & diarrhea upon taking sea foods. He is suffering from:",B,B,B. Atopic dermatitis,True,
1e8be4c0-3c47-4e5f-ad24-c494d8474bff,A female neonate with DiGeorge syndrome develops severe muscle cramps and convulsions soon after bih. Which of the following is the cause of convulsions in this neonate?,B,B,B. Hypocalcemia,True,
7c4dce6c-f977-483e-9486-d028080de64f,Which of the following describes the mechanism of action of Flucanozole?,A,A,A. Inhibits Lanosterol,True,
59ac6b96-87d6-4d58-8322-6417aa69e64b,Comment on type of anemia in peripheral smear:,A,B,B. Iron deficiency anemia,False,
59b9cdbb-7839-4348-9985-2d19d0726e8b,Duration of action of flumazenil is:,D,D,D. 1-2 hours,True,
cc1f09e6-417f-442e-8aab-6e664fd06af7,Acute mesenteric lymphadenitis is caused by -,D,A,A. E. coli,False,
a16a6f05-57aa-458b-bd6b-6ff47f4690d8,Which among the following is the best method to assess intake of fluid in poly trauma patient:,A,A,A. Urine output,True,
37a35ff5-8cde-4917-8ead-0e20cb728011,Causative organism of SARS -,B,B,B. Corona virus,True,
f816b4fa-fc7a-4b9d-b97c-53652159c0af,Blackout is due to: Maharashtra 11,A,A,A. Alcohol intoxication,True,
503eedf0-4be3-43f4-af2b-c4e96f8c4fa2,Which lasers can be used to cure composite resins?,A,B,B. NdYAG,False,
22e44254-d037-419b-b000-75b3e7556234,Paralytic ileus caused by,A,A,A. Hypokalemia,True,
e1eb53dc-d755-4e6b-976c-3988fea5b892,"In children, acute kidney injury in terms of urine output is defined as?",B,A,A. Less than 0.3,False,
41e2abbe-e7b8-4cdf-bf85-7b39c169252e,Cysteine is abundantly found in-,A,A,A. Keratin,True,
76fa29ee-a3a7-4b6b-9cfa-7bc7c20ccd77,In CPR drug of choice is –,D,D,D. Adrenaline,True,
15a9f49c-af9b-4ec1-b0b5-2386592647bd,Which of the following is not seen in superior oblique palsy,D,D,D. Ptosis,True,
76252e3e-8136-44df-b619-75b0e99e743a,CSF otorrhea is caused by,C,A,A. Fracture of crib,False,
88632a00-9574-4e69-a255-d351734ccfd9,"""Goitre is prevalent at higher altitude"", is an example of-",B,C,C. Causal association,False,
83c30daf-cc9b-4e5c-934a-ea1141198ac9,"A three day-old term infant borne at home, breast-fed exclusively, presented with lethargy, bulging fontanel, and bright red blood from rectum. What is the most likely etiology of his disease?",C,D,D. Iron Deficiency.,False,
c8d546d6-bc14-40c3-9030-7f1807c9024e,A young female patient presented with symptoms related to anemia. Peripheral blood smear showed neutrophil hypersegmentation and bone marrow aspirate smear showed giant myelocytes. Which of the following is the likely etiology?,D,A,A. Sideroblastic an,False,
67daccc0-bb3a-4817-a841-90b03c8e9f1c,Ebola virus belongs to?,D,D,D. Filoviridae,True,
52981524-bd9f-4c46-a94f-bd859e6cdb93,"Increase in threshold level on applying a sub-threshold, slowly rising stimulus is known as:",B,B,B. Accommodation,True,
700f1fb5-cb8e-4cd7-845f-9e0a26324303,Most common complication of modified ECT,D,D,D. Amnesia,True,
e16a2b65-5d0e-4a5c-b160-8e668d73a164,Drug of choice for Anterior Uveitis is:,A,A,A. Topical steroid,True,
36f1ff34-aa98-4957-a5d0-bf285ddc86b9,Which of the following ovarian tumor is most prone to undergo torsion during pregnancy :,C,A,A. Serous cystadenoma,False,
4733fb34-fc91-4b5e-90e2-9de51dbd8047,Angiotensinogen is produced by,A,B,B. Kidney,False,
07497d2e-6acf-4ef6-9401-a24ba8f02dd6,Multiplying factor of estimating from femur (male) is:,A,A,A. 3.6-3,True,
26d33fa5-127e-4d77-87c6-718cf568698d,How many antenatal visits covering the entire period of pregnancy are minimum required?,B,B,B. 4,True,
28760418-a2a0-442a-891b-3f188ccbc389,Ringertz Tumour is seen commonly in -,A,A,A. Nose and sinuses,True,
ac39e1a1-d87a-450c-bc10-9a7ed62c39f5,A patient on chronic use of NSAIDs has developed peptic ulcer. DOC to treat the condition is:,D,C,C. Misoprostol,False,
2c603c89-3381-4428-a256-8a0d4ad821ef,Which of the following passes between base of the skull and superior constrictor muscle?,A,A,"A. Eustachian tube,",True,
3cfcc255-6dc0-4392-89ca-cc06ed4872ef,FAST -,B,A,A. CT,False,
3402d9fb-9602-45a3-8636-4bdac701f4e4,Porosity measurements in four types of hand-mixed  cements  showed  that __________  cement had the highest porosity.,D,A,A. Resin cement,False,
a3a730fd-0145-4624-ae2a-60dcd9ea8d39,Primary action of inferior oblique muscle is -,C,C,C. Extorsion,True,
d57e842b-5319-4a82-871e-81f86b2acd5f,Fertilization of sperm & ova takes place at,A,B,B. Infundibulum,False,
2c02e114-541a-4ec5-a4b5-3d14e042736b,What is a percentage of endothelial cell loss during Descemet's stripping automated endothelial keratoplasty –,C,A,A. 0 – 5%,False,
9be3cf83-0f3e-4d9b-b6d3-d0a21c94de49,Which of the following drugs have maximum capacity to lower serum triglyceride levels?,A,B,B. Statins,False,
c6f2bc41-8dbc-47b0-aec7-9531311a2e10,"A 32-year-old patient received a badly placed intramuscular injection to the posterior part of his gluteal region. The needle injured a motor nerve in the area. Later, he had great difficulty rising to a standing position from a seated position. Which muscle was most likely affected by the injury?",A,A,A. Gluteus maximus,True,
524c1614-0fc5-4b8c-a159-2092f955de1b,Which of following is used as antiflux,D,A,A. Borax,False,
0f05ced8-0587-4f41-9946-8fd41646a774,Inferior thyroid vein drains into -,C,A,A. Internal jugular vein,False,
00fc066d-7ca8-4fad-adb1-efc1f7dd0b1f,Glucocoicoids do not cause?,B,B,B. Hypoglycem,True,
2ed90829-3a11-4b4c-9a96-d76e0b8abeb2,Ophthalmic findings in vitamin B12 deficiency are,D,A,A. Bitemporal hemian,False,
a1f84e1d-25b4-44f7-9f36-d9609cdcc27d,An increased incidence of vitiligo is found in:,D,A,A. Psoriasis,False,
fbf300bc-8842-48f5-9e80-354161708421,"Although more than 400 blood groups have been identified, the ABO blood group system remains the most important in clinical medicine because :",D,B,B. It has four different blood groups,False,
643819b3-a808-4562-9090-31dd79cbd82a,The study of how variations in the human genome affect the response to medications is known as?,A,A,A. Pharmacogenomics,True,
79c82ddc-d10e-4cc2-bdce-9ef43477b696,"Which of the following coagulation factors is deficient in
classical haemophilia:",A,A,A. VIII,True,
f0a17897-912f-4ae6-85d0-73a6f1f981f5,Acidosis in shock is best treated by-,B,A,A. Increased ventilation,False,
b19a6f05-e018-4c05-8766-4f7cca585125,The superior vesical arteries are direct branches of the,B,A,A. Internal iliac artery,False,
9e28076f-844d-4a69-b195-dd548b77e278,ICDS stands for,A,A,A. Integrated child development services,True,
6629f125-175e-41f8-96a6-33325b526c47,"In EEG, alpha wave denotes: September 2009",B,D,D. Mental activity,False,
64ea35d4-1428-45ef-877d-4580c3a9838a,A Patient is on regular medications for co-existing medical problems. Which of the following drugs may be stopped safely with minimal risk of adverse effects before an abdominal surgery,C,C,C. ACE inhibitors/ACE,True,
2d685068-953e-40d4-9d66-dd8f0243fc53,Milian's ear sign is seen is,B,C,C. Lymphangitis,False,
6e2d635c-fe88-4123-8fd1-07b6373abbea,Which one is an example of ONE_WAY communication?,B,D,D. Telecommunication,False,
02a5cb4d-f763-44df-b1f1-a120947c5519,Oxygen - Hemoglobin dissociation curve is shifted to left by -,B,A,A. Acidosis,False,
718a1cbb-4c20-4eca-8415-984924b6e494,Lambda sign on ultrasound is seen in?,B,A,A. Ectopic pregnancy,False,
2e8bca88-34b7-472f-92ea-84430c7ffbe1,Farmer's lung Is caused due to exposure to?,B,C,C. Aspergillus f,False,
2b4f6515-70ab-4fbd-9ef6-e29e3adda306,Which of the following is/are not the features of henoch–Schonlein purpura (HSP) –,C,D,D. Epistaxis,False,
908212c8-d6f4-4a41-b061-b543de23a45c,Saffron colored meconium is seen in:,A,A,A. Postmaturity,True,
728d48fa-9f18-402c-a8b2-30321c55be8d,Which antibodies can be detected in a patient suffering from polymyositis?,C,B,B. Anti-Scl70,False,
86fe4517-ea11-4df2-a5d8-3a9ab9c3f753,Taste sensation of anterior two third of tongue is?,A,C,C. Lingual nerve,False,
2c824394-1951-4d51-a1c1-44745e5a6287,The definitive diagnosis of Pneumocystis carinii pneumonia is -,C,C,C. Finding cysts in,True,
933e36f9-2c3f-47d6-a388-112e61712525,Most common CNS manifestation of HIV infection is: March 2005,B,B,B. Dementia,True,
344165c0-f767-4e0c-86d8-0e63acddcf6b,Laryngeal mask Airway (LMA) is used for –,A,C,C. Prevention of aspiration,False,
dc40950e-c7df-4894-aa8a-a7f185e9d670,Hemorrhagic cystitis is caused by -,C,A,A. Busulphan,False,
48ddbb5f-15ba-4013-923c-73c6461af514,Head of sperm is derived from:,B,B,B. Nucleus.,True,
07514480-3862-415c-bf25-f3e783953b8e,Dose of vitamin A during pregnancy -,B,D,D. 350 mg,False,
c5ae4bbf-c061-4932-97c9-886a8ebe9346,A Hysterosalpingogram was performed for infertility evaluation and revealed the appearance shown here. The diagnosis is?,B,A,A. Septate uterus,False,
d3f26d9d-866d-4d43-a48f-42a942e5ceb0,Minimum number of people for group discussion are?,B,A,A. 8,False,
5637b4d4-ea71-49d2-8d97-f5442a7f9d2b,Lisfrans fracture dislocation-,A,A,A. Fracture dislocation through,True,
e3717799-ad0c-40a8-b3bc-7193c52a942e,Anal fissure best diagnosed by:,B,A,A. Anoscopy,False,
b206e753-a381-482b-b5e3-e7aca4f4fa41,IL2 is secreted by?,B,B,B. Helper T-cells,True,
390ca65c-abd9-43cb-bb47-864dced2cc90,Symptoms or signs of atherosclerotic occlusive disease of the bifurcation of the abdominal aorta (Leriche syndrome) include,A,A,A. Claudication of the buttock,True,
2527696c-1508-4741-92ae-bd3d849fcfb5,An outbreak of diarrhea in a day care center is suspected to be of rotaviral origin. Which test is most appropriate to diagnose this outbreak?,B,C,C. Electron microscopy,False,
f9a2c103-6752-4a0b-9915-e840f6057b16,"A female presents with anorexia, weight loss, hyperpigmentation, bowel changes, and light headedness on standing. The cosyntropin stimulation test shows random serum coisol of 11 mcg/dL (normal is greater than or equal to 20 mcg/dL). Serum coisol 1 hour after 0.25 mg cosyntropin N is 14 mcg/dL. (The rise in coisol is expected to be > 7 mcg/dL). Aldosterone level is 10 ng/dL. Which of the following is an appropriate treatment for this patient?",C,D,D. Prednisone 60,False,
a9863fc1-9e65-453d-8b3d-130926b5eb8e,Thalassemia gives protection against ?,C,C,C. Malaria,True,
1daa435c-fd7c-4f5b-b6f0-8cf4827a6daf,Most common epicenter of a radicular cyst is:,B,B,B. Apex of tooth involved,True,
d81021ae-ec2b-445f-abfc-b67fe4859df7,shifting fluid sign is seen in ?,A,A,A. Exudative Retinal det,True,
1cc80d08-ee1c-4af3-a59f-02a140f9deab,Placental alkaline phosphatase is marker of,D,A,A. Theca cell tumour,False,
de9424da-a70f-42bb-bb16-4349692eb223,Group A nerve fibers are most susceptible to,A,A,A. Pressure,True,
c99f72dc-f4fa-4cef-85ac-393702f27c64,Most common age group effected in rubella is:,D,D,D. Women of child bearing age,True,
58dfa97d-7112-4757-be42-92806289d3d6,The drug that is not useful in congestive hea failure is,A,A,A. Adrenaline,True,
61cfde90-71e8-45d8-b8bd-9067480af53e,Which of the following agents is not used to provide induced hypotension during surgery?,C,C,C. Mephentermine,True,
f5ab1976-f67e-4669-bfb3-29efad81a772,Pancoast's syndrome is due to:-,B,A,A. C4-5 invasion,False,
99be6250-8f74-4521-b450-3b4cade34103,Minimal interval between two live vaccines administered by the oral route is,A,B,B. 2 weeks,False,
847aec13-34de-40e8-86ea-99bdb32c140b,Ghons complex refers to:,C,C,C. Parenchymal les,True,
4858915c-23fe-4430-b29f-2e2673db3a82,"In a disaster management triage, patients who need surgery within 24 hours, are categorized under which color category",B,A,A. Red,False,
950e3f41-a6f4-499a-8877-d9d65a719359,Tumour most sensitive to radiotherapy is,B,A,A. Osteogenic sarcom,False,
d1242785-eda1-496b-8182-432424148e44,First incisor to erupt is,A,A,A. Lower central,True,
69892d5d-f49a-436a-8c49-4a193ec3e773,who gave the concept of symbolization in converion disorder,A,A,A. Freud,True,
e31a3fa0-627e-4cd0-b97b-14cb8198d7cc,An adolescent child complains of night pain in the knee. It could be due to –a) Juvenile rheumatoid arthritisb) Idiopathic growth painc) Osteosarcomad) Paget's diseasee) Osteomyelitis,B,D,D. b,False,
5f10dcb1-9f0b-490e-836f-ce68b8262886,Double-bubble sign on abdominal X-ray is seen in :,B,B,B. Duodenal atresia,True,
80f7d6ea-3dbd-4a10-aa6a-9cb160e85484,An old man Baba comes to you and is diagnosed to be having benign hypertrophy of prostate. The drug which provides faster and greater symptomatic relief to this patient will be:,A,A,A. Terazosin,True,
1e396dea-d164-4c7c-ae1e-e31e1058c9ef,Spring ligament refers to -,A,A,A. Plantar calcaneo nav,True,
44513c21-0423-43cf-8123-6700fb3da530,The histology of pterygium includes -,A,D,D. Squamous metaplas,False,
751b9c16-98b4-4d30-8058-4f8687c42ec5,Which of the following is the rich source of Vitamin B12?,C,C,C. Meat,True,
32090568-fe5f-48fe-a19c-bf304baf1c0d,Which of the following issued for qualitative data?,C,D,D. Histogram,False,
2636f73f-895b-4ca3-930d-0e76f00bbd72,Which of the following is an intracellular constituents of neuromuscular system?,A,A,A. Mg,True,
123447d1-ac99-4149-9dcc-8ba1abb25d3e,Effective to change health behaviour and attitudes of people,B,B,B. Group discussion,True,
8a861266-c473-47ce-9e46-c9859dcc5765,Other name for transvestism is -,B,D,D. Satyriasis,False,
e5eefa5d-e746-405e-bbea-a255ecd1ff4b,Primary idiopathic polymyositis does not involve -,C,D,D. Pharyngeal muscles,False,
e89ac852-fccf-4a27-969b-0364cce2dc3a,A patient presents with single hypopigmented anaesthetic patch with satellite lesion on forearm. The most likely diagnosis is,D,A,A. Indeterminate lepro,False,
f96c346f-ad53-4cf6-bb86-a5742f8d1ba1,Which of the following ECG changes in an Asymptomatic Athlete's Hea should be considered pathological'?,B,D,D. T Wave inversion,False,
45638a49-7ad7-4fbc-ba6c-3cf241446803,Morbid jealousy is associated with -,A,A,A. Alcohol,True,
b17c33ba-7364-4b41-8a50-3896b4c0a2e9,"Carboprost, used for 2' trimester aboion, is analogue of ?",B,A,A. PGE2,False,
d1ed5d74-cadf-48e6-b995-e360dbaf94c9,Multiplication factor for estimating height from length of foot is,A,A,A. 7,True,
917e33b7-8322-4dec-933b-7e3711385c38,The commonest mode of inheritance of Von Willebrand's diasease -,C,B,B. Autosomal recess,False,
8b9ffacd-f864-45de-b835-f6746007a55a,Infliximab ?,C,C,C. Chimeric antibody against,True,
bbe388e9-ec26-4891-a57b-406616c4ddd6,Erythema infectiosum is caused by -,A,A,A. Parvovirus B1,True,
9d221759-4316-4fec-8d5e-240c96c6af0a,Ligament of Berry is formed by,B,A,A. Investing layer of Deep C,False,
9c47660a-7ab1-4b1a-93ad-51a54fbddb7a,Which of the following is used for biometric evaluation?,A,A,A. Iris,True,
6bce4733-0e59-4afe-baf4-c159a236caca,"Hemoglobin is isolated from the erythrocytes of a young child with anemia. Hemoglobin electrophoresis reveals the presence of an unstable hemoglobin, known as hemoglobin Cranston (HbCr), containing an abnormal b-globin chain. The normal sequence of the b-globin gene (HbNl) and the sequence of the HbCr b-chain are presented in the table below. HbNl: AAGUAUCACUAAGCUCGC HbCr: AAGAGUAUCACUAAGCUCGCUUUC >>> UAU UAA Which of the following would account for the development of HbCr?",D,A,A. A frameshift mutation,False,
a562cdfa-c886-4030-91cf-5058dc2f343f,A lady cannot speak but can tell by writing. Which of the following brain areas is affected?,A,B,B. Wernicke's,False,
1a8fb3d3-56a8-4903-b147-9dcd87a3d608,"""Break bone fever"" is:",B,A,A. Rheumatic fever,False,
bf8586de-509a-4579-9996-5e0551570324,Narrowest pa of the urethra is: March 2009,D,D,D. Membranous ure,True,
f01e8f68-51a2-4c0e-896d-08a75ce880c9,A standing person lies down. Which of the following occurs?,B,A,A. Increase in cerebral,False,
7164b60a-6223-4b6b-824b-7d46e6455a97,Least life threatening condition in a diabetic patient is:,C,A,A. Emphysematous ch,False,
4eb4e5bf-33b6-4696-8443-3d28d4e7322b,"OCP's intake cause psychiatric symptoms, and abdominal pain. Diagnosis is:",A,A,A. Acute intermittent por,True,
6e9a9f3f-56c3-4a1d-bc7d-caa550f88788,Dried blood drop of an infant can be used to know:,B,B,B. Inborn errors of metabol,True,
bf428bb7-17e9-4082-805a-6adb282cfcbf,Toxoplasmosis in the foetus can be best confirmed by -,B,A,A. IgM antibodies,False,
698553d0-36cf-4c2f-bb52-50e5353c2dd2,The cell-bodies of sympathetic preganglionic neurons are located in the,D,A,A. Dorsal root ganglia,False,
da514071-e2a8-40ff-ba9a-a87a09e5714d,"A 4-year-old girl developed clumsiness and difficulty ambulating over 6 months. On physical examination, she showed difficulty with balance while walking, dysarthria, poor hand coordination, absent deep tendon reflexes, and a bilateral Babinski sign. Light touch and vibratory sensation were greatly diminished. There was no muscular weakness. Over the next 5 years, she developed congestive heart failure from hypertrophic cardiomyopathy. She also had hyperglycemia. At autopsy, there was increased perinuclear iron deposition within cardiac myocytes. Which of the following genetic abnormalities with trinucleotide repeat expansions was most likely present in this patient?",D,B,B. CGG repeats in the,False,
e5d8af2c-ebdc-47e3-8f59-734eee568cb9,Marker of peroxisomes is,D,A,A. Glutamate deh,False,
6b3ed0ac-4391-4e7a-89ea-51cd1a5c194d,Acanthosis Nigricans associated with malignancy has,B,A,A. Localised skin involvement,False,
714e5956-aa27-4edd-bae7-8c0999d9530e,Rise in body temperature after ovulation is due to :,B,C,C. LH,False,
4d3b9a0e-f8b2-47c1-9d97-9cf697b8e905,Range of kuppu swami scale for upper middle class:,B,D,D. 26-30,False,
c46d53f6-c4a9-4579-8963-1acc2992f861,Pus formation in lacerated wound occurs in:,B,A,A. 12-24,False,
7a59dd15-c44a-40d0-a322-f273ac6ef426,Mobile eye care services are not done at which level,B,A,A. Primary care level,False,
882f8385-6d9a-490c-8a81-b040f5932c17,"When recording lead I on an ECG, the right arm is the negative electrode and the positive electrode is the",A,A,A. Left arm,True,
6a407698-2895-4bd7-b962-5b201b48b308,Aminoacyl t-RNA is not required for,C,D,D. Methionine,False,
a89ad909-3924-4cf8-803b-f0b2530a84ce,"Infant has fever, one episode of febrile convulsions admitted for observation, fever than subsided and followed by rash on abdomen & chest, maculopapular erythematous-what is the cause?",A,A,A. Chickenpox,True,
e6163daf-24dd-4efa-a71d-a46589bf1a83,Which of the following activates vanilloid receptors in the urinary bladder?,A,A,A. Temperature,True,
8d3d0148-8f5c-40f8-9555-8fa3d821e447,Most common infection after splenectomy is -,D,D,D. Pneumococcal,True,
1e36e69a-505e-499e-8e09-1c9394eb21a2,A patient exhibits swelling of the ankles and a bloated abdomen and has a history of malnutrition. The bloated abdomen is probably caused by?,D,D,D. Decreased capillary,True,
ed9fb212-6234-4b5b-b163-49e856ef645d,"A 7-year-old child develops malaise, cough, coryza, and conjunctivitis with a high fever. Prior to this illness he was completely healthy. Further questioning reveals that he has not received any childhood vaccinations because of his parents' religious beliefs. Examination of his mouth reveals blue white spots on a red base beside his second molars. The next day he develops an erythematous, nonpruritic, maculopapular rash at his hairline and behind his ears, which spreads over his body. Which of the following is the most likely diagnosis?",B,B,B. measles (rubeola,True,
cb68c8c9-137a-4c60-9ea9-abd8885c3703,Charas is?,A,A,A. Cannabis,True,
42c4b517-4f6f-4c50-b875-4a5356d73449,Commonest cause of stroke in our country-,A,A,A. Thrombosis,True,
2c7c0272-e90e-4354-9b42-36230c12c1c2,Defect in Chediak Hegashi syndrome is?,A,A,A. Fusion of lysos,True,
3e16a345-cd48-4183-8f6d-363dc9c332fa,Preterm Neonate target oxygen saturation is ?,A,A,A. 91-95,True,
d1570d78-ef60-4266-b922-5efa3695a74e,Hereditary fructose intolerance is due to deficiency of:,A,C,C. Fructokinase,False,
e9824439-4857-4d14-ab66-426ea60c4bba,What is the formula for parenteral iron therapy,A,A,A. 4.4 x body,True,
0a3b4114-f703-4271-b983-250bddf9627a,a child prsents with infective skin lesions of the leg culture showed hemolytic colonies which were gram +ve cocci in chains.the test to confirm the organism,C,D,D. catalase positive,False,
99789c83-79d5-4398-bcf2-26be34f334ca,Fluid containing which of the following substance is used in peritoneal dialysis?,D,A,A. NaCl,False,
34369666-202e-4bdb-a432-215fa9dec085,Most common nerve injured during normal vaginal delivery is,B,D,D. Ilioinguinal nerve,False,
2e5cbd07-1e93-49c0-bf96-2ac58e106b41,Bone affection in scurvy is due to which of the following -,B,A,A. Poor mineralization of the o,False,
c1441c6d-c71c-48d3-9282-f123d5dbe568,EBV receptor located on surface of B cells is ?,A,A,A. CD21,True,
35edd18b-53b8-4a7c-8d96-4ddee83dfa2c,"An elderly patient presented with fever, chest pain and dry cough. Sputum cultured on charcoal yeast medium, the most likely organism is:",C,C,C. Legionella,True,
958ffb77-4796-4d62-92d8-9c30b1fd3883,Spongiosis is seen in –,A,D,D. Pemphigus,False,
891d9b55-e7a0-4bea-9edb-6defdf5c9141,Which of the following is a branch of 3rd part of subclavian artery?,B,A,A. Thyrocervical trunk,False,
c0a70046-2318-497a-911c-c4a76b0ea390,Umami taste is evoked by,B,B,B. Glutamic acid,True,
b01fa801-ad04-45b2-bdad-341a9d247688,Proximal convoluted tubule have which type of aquaporins,A,A,A. Aquaporin 1,True,
b1512e69-4a54-4ee3-b506-f7a1756e7c89,A good prognostic feature in Hodgkin's disease is known as:,A,A,A. Clinical state,True,
0fb4c8ba-06e5-40bc-bb6f-7d42cbba6df0,Gamma Carboxylation of what requires vitamin K,B,C,C. Glycine,False,
96075e97-9e18-4be6-8774-68c41e823f68,The six keys to normal occlusion was introduced by:,B,D,D. Angle,False,
9cc17e4b-a234-411c-bd2a-f54eb9477b51,"In the CNS, where is the key regulators of sleep located?",D,D,D. Hypothalamus,True,
1b4e90c9-ea47-4c74-b18d-55d493e1bc29,Primary hyperaldosteronism does not have -,A,D,D. Hypokalemia,False,
9288f16d-7b7d-48c6-8f24-023deac93658,Afferent fibres for stretch reflex includes,B,A,A. Ia and Ib fib,False,
6d57aa97-8d6d-4a64-9071-fa4f038b5c24,Glass vessels and syringes are best sterilised by -,A,B,B. Autoclaving,False,
365ba476-5733-4c0c-8364-aae34d47bcf5,Most sensitive test for organophosphate poisoning:,A,A,A. Plasma acetylch,True,
0b051a99-22bb-43bb-be0c-31ee921ad1a3,"Prophylactic management of other eye in case of acute primary angle closure glaucoma/ PACG: March 2013 (a, b, g)",B,D,D. Medical management,False,
1ead59ff-5780-4b73-bb5e-74eee5c73174,Ovoviviparous parasite which is associated with autoinfection -,B,B,B. Strongyloides sterc,True,
2e1bec36-a722-48ab-a5e3-fd341374c04d,The normal angle of the neck of the femur to shaft is approximately....,B,A,A. 105deg,False,
f78542e3-aebf-4da0-a6c4-ea2fc0918bb3,The tensile strength of the wound starts and increases after-,B,B,B. 3 to 4 days,True,
d75402c7-f42f-44e7-b2f8-4297e5823c06,Transferofan amino group from an amino acid to an alpha ketoacid is done by:,A,A,A. Transaminases,True,
770009b3-c15d-4598-b3f5-f57a788d415e,Most diagnostic feature of DIC?,D,D,D. d - Dimer assay,True,
08f01e25-a21b-46c8-bb27-146a63569c34,A 10 month old infants present with acute intestinal obstruction. Contrast enema X-ray shows the intussusceptions. Which of the following is the most likely cause?,A,A,A. Payers patch hyperplasia,True,
1e42454b-70e9-45bc-8779-0e60b1605de0,A vasopressin analogue does not produce therapeutic effect through vasopressin V-2 receptor in which of the following -,B,A,A. Central diabetes insipidus,False,
afebe1c4-bad4-4129-80b2-a10d243bfcd1,Subdural hematoma most commonly results from:,C,C,C. Injury to coag,True,
2222ea85-33e9-4992-bcb2-b9b20953805a,Plateau phase of ventricular muscle is d/t opening of,C,C,C. Ca - Na channel,True,
a863071b-95a4-4587-ac24-3c04ee44e6b6,ATT causing orange coloured urine is :,A,A,A. Rifampicin,True,
9789f838-422f-44fa-b46a-2f2d0b8fa9bd,Decreased O2 carrying capacity and Normal PO2 is a feature of,A,A,A. Anemic hypoxia,True,
ac2ce0ab-3188-4236-8bcf-d03f904be249,"Which phase of the cell cycle is resistant to most chemotherapeutic agents, i.e., those that are classified as phase-specific?",A,D,D. M,False,
9dd2bfe5-2157-4655-aae8-672081f08f96,‘Lead time’ refers to the time between,B,B,B. First possible point of detection and,True,
53b464ff-4967-4de0-a849-7be3c61b003a,The investigation of choice for diagnosis of Giant cell Aeritis is,A,A,A. Temporal Aery bi,True,
51f6ee67-b6e2-4709-8b38-20e6f34ab16a,"Adrenaline, noradrenaline and dopamine act through?",C,A,A. Two pass receptor,False,
39f4b565-9218-4de0-8aca-f48fcfc406ad,Bone tumors arising from diaphysis -a) Chondrosarcomab) Ewing's tumorc) Osteoclastomad) Chondroblastoma e) Osteid osteoma,D,A,A. ab,False,
6c15aafd-722b-4c79-b00f-e32931e720fa,Which of the following drugs is most likely to result in addiction among those who have ever used it?,B,D,D. heroin,False,
8e6c1616-60a0-4f50-9f75-7ab95bd018b5,"A 22-year-old man presents to the clinic complaining of low back pain and stiffness. The discomfort started several months ago as a mild dull ache in his back. The pain is more intense now, and it involves his back and hips. The symptoms seem worse at night and prevent him from sleeping. On physical examination, there is paravertebral muscle tenderness and limited flexion of the lumbar spine. Chest expansion as measured with a tape measure at the nipple line is also reduced. Figure below shows an x-ray of the lumbar spine. Which of the following is the most likely diagnosis?",C,C,C. ankylosing spond,True,
14b56f6b-ad73-4d5a-98c9-95460999c8e1,Positive Schick test indicates:,D,D,D. Susceptible to diph,True,
14738634-4f10-4c96-9463-c61c2654ea90,Most common tumor producing osteoblastic metastasis?,C,C,C. Prostate,True,
fb2a54ed-3dbe-4730-a80b-397fbd00984b,NK cells activity is enhanced by -,C,C,C. IL-2,True,
7fce77d2-adb1-4b57-8234-7ea025fceaca,Plague is transmitted through:-,C,A,A. Tick,False,
c155640b-866f-4868-a7ce-77eb167c9ed7,Ponderal index for a malnourished child is ____________,B,A,A. < 1,False,
346a70b1-88d0-4c30-ac40-df58c9e3e0f9,Angle of tracheal bifurcation is increased in which chamber of hea enlargement.,A,B,B. Right atrium,False,
16f8a976-0376-4f10-a79c-0701274bad49,Preanesthetic medication is used for A/E :,B,D,D. Produce amnesia for,False,
a6ccd759-4fda-4e2b-87f0-7a055fc2881c,Most common cause of Fulminant hepatic failure?,D,C,C. HCV,False,
f3ba5c1c-3b68-4102-914b-371359668d68,Tuberculous Infection most common in AIDS -,A,D,D. M.Tuberculosis,False,
a333a41f-1fee-4205-856c-c15cce178625,Which of the following is the safety muscle of tongue?,A,A,A. Genioglossus,True,
9f57d436-c371-43c6-8a3d-96db1851f2c1,Granulomatous condition showing hypercalcemia A/E-,D,A,A. TB,False,
ffe3246e-0c36-4230-9402-6c26d8fe8d43,Most common site of volvulus:,A,A,A. Sigmoid colon,True,
598be909-e181-40bd-9a51-b84e1393b089,Denver shunt used in?,A,A,A. Ascites,True,
271c3d76-e512-4b4c-ba8d-9af67c6dcda6,"In a young female of reproductive age with regular menstrual cycles of 28 days, if ovulation occurs around 14th day of periods. When is the first polar body extruded?",B,A,A. 24 hours prior to,False,
578d0c55-0923-42df-af83-7383210ffbfb,ECF is measured by,A,A,A. Inulin,True,
4a0312c5-75ef-4797-927e-3483e7d0c629,A pt. has a pituitary tumour and pheochromocytoma and a thyroid nodule. Which Ca is most likely to occur -,B,A,A. Follicular Ca,False,
6c7c790e-f1e2-4a82-b025-ded1fb805d9a,Mutism and akinesis in a person who appears awake and even alerts is best described as,B,C,C. Oneroid state,False,
33a215ab-9d5d-416a-9a78-9bcbee033625,Palatine Tonsils are lined by,A,A,A. Non keratinized Strat,True,
2acedd86-a430-4b8a-b810-7e8da0faf746,Partner treatment is needed in:,D,A,A. Gardnerella,False,
a3b980de-f2fc-46e8-86f2-a2dda5e5e8c0,'Hand and Foot' syndrome can be caused by :,C,A,A. Cisplatin,False,
f4d2f134-65a8-4bc4-9001-091330293e37,"A 36 year old woman has noticed, absence of menses for the last 4 months. A pregnancy test is negative. Serum levels of luteinizing hormone and follicle stimulating hormone are elevated and the serum estradiol levels is low. These findings suggest :",C,A,A. Bilateral tubal obstruction,False,
081e6fde-b593-4cf1-97fe-9101b62c57d7,Amino acid that is high in root dentin used for age estimation is,C,D,D. Glycine,False,
d7101866-c15d-4ffc-a076-0ef1d73161eb,Corneal epithelium consist of,B,A,A. Stratified squamous ker,False,
58ff79c6-96e9-41a0-a324-be45b215a609,Which of the following has to be present for a diagnosis of major depressive disorder -,A,A,A. Loss of interest or pleasure,True,
21f04dbf-447e-4c3a-a33b-cde6a3c194b1,Chain of lakes appearance in ERCP is seen is,B,A,A. Acute Pancreatitis,False,
a357c45f-d440-4658-8d30-4a232eaebf0f,Child rights are guaranteed in which article of the constitution – a)  Article 24b)  Article 28c)  Article 35d) Article 42e)  Article 45,A,B,B. b,False,
f1113030-4857-48ad-a387-bf068d1efd77,Sub-epidermal splitting is not found in:,B,D,D. Burns,False,
53b88cc0-7d28-4753-957e-f6d34281e5f9,Old male with H/O long intake of antibiotics. Diagnosis?,A,A,A. Pseudomembr,True,
9efe2795-0071-4b09-a6f7-24f2d397c3d4,Which of the following is essential for tumor metastasis?,A,A,A. Angiogenesis,True,
16a51247-1f96-47cb-9f7a-602131341a06,Schober's sign is used to evaluate,A,A,A. Flextion of lumbar,True,
e4fb8b5b-7cb0-4d48-ae7f-9a545ebd41ca,A young patient presents to the ophthalmic outpatient depament with gradual blurring of vision in the left eye. Slit lamp examination reveals fine stellate keratatic precipitates and aqueous flare and a typical complicated posterior subcapsular cataract. No posterior synechiae were observed. The most likely diagnosis is:,C,D,D. Subacute Iridoc,False,
ec1040ab-83b5-42ad-9c02-beee2b7cbd32,Little's area is situated in nasal cavity in:,A,A,A. Anteroinferior,True,
5348b467-341e-4b52-8e57-bf567c1ba6a5,"A young lady complains of sudden onset of palpitations, extreme weakness and sweating. On examination, she was found to have B.P. 90/70 with a regular pulse rate of 180/minute. Her symptoms disappeared after vomitting but she complained of polyuria. The most likely diagnosis is",C,D,D. Paroxysmal atrial,False,
b7f24e32-ce46-42e9-a194-db0ea8271689,Obturator artery is a branch of -,A,A,A. Internal iliac artery,True,
bf70b08e-3203-448c-8d5a-375dc4a70f3a,Alteplase differs from streptokinase as it,D,D,D. Activates plasminogen,True,
ef9d1358-aee6-42d9-b6e9-e7fff613cab8,Upper two posterior intercostal aeries arise from,B,A,A. Aoa,False,
723e7390-0cc7-442c-93d4-4779c23bedae,Black necrotic mass seen in the nose of a elderly diabetic patient. Most probable diagnosis ?,C,C,C. Mucormycosis,True,
a5e231ac-9164-4afb-ba2c-f1f94946c8a0,Trendelenberg test is positive due to injury to:,A,A,A. Sup gluteal nerve,True,
81e75f78-2c14-4b8d-bcff-1f3d47cdc9ed,The denominator in General feility rate,C,C,C. Reproductive women in,True,
95a23ec3-c2d6-40f4-890f-bece76c568cd,"According to recent SC judgment, doctor can be charged for medical negligence under 304-A, only if: AIIMS 12",D,D,D. Gross negligence,True,
8e1db4f1-8306-43e7-bb1a-035a4b7a79dc,Not used for diagnosis of Leptospirosis:,D,A,A. Microscopic agglut,False,
4cef815e-2fc5-40c8-bb30-e1d66d7e4b3f,DNA restriction is done by the following method:,B,B,B. Electrophoresis ag,True,
cbe48013-15ed-459c-9be2-00378730191e,Glucose in renal tubules reabsorbed and is transpoed through the following mechanism:,B,B,B. Na cotranspo,True,
4be31a0c-1f42-4c83-bb8a-36c3bc5bccdd,1930. The first-line drug therapy in chronic myeloid leukemia is -,D,D,D. Imatinib,True,
c32d2c21-a2bb-4bbd-ab6a-ecd881425e69,A patient presented with complaints with dyspnoea. The shown X- ray is suggestive of:-,B,B,B. Exudative pleural eff,True,
65ef9b19-84a1-4648-960b-479e48d2c304,Spongiosis is seen in-,A,D,D. pemphigus,False,
4bd0ed11-67d1-4bd8-9820-67666d3dccb1,Physical law made use in flow meter is:-,D,A,A. Henry's law,False,
112c25a7-8e3a-4af4-83bc-56e6a3f7a197,"""Farmer's Lung"" is due to inhalation of -",C,C,C. Hay dust,True,
f082fa06-c319-467a-8b19-4c2c9489835c,Which is not 1st rank symptom of Schizophrenia:,C,D,D. Thought broadcasting,False,
9d764167-17f3-47b2-abfa-c511cc7f7e9a,Selective 5–HT4 agonist useful in gastroesophageal reflux disease and lacking arrhythmogenic property is :,D,D,D. Tegaserod,True,
1b8fe7b7-26f4-4cbf-a109-121ecb9fc91e,The most unlikely feature Iof HCC is,D,A,A. Hepatomegaly,False,
a4efb757-ec7f-4f69-a51e-a4585a851d6a,Activation of which of the following receptors would be expected to decrease anxiety?,C,C,C. GABA A recept,True,
6d3c1361-8929-4b0d-8b54-64842f2f7e47,Investigation of choice for spinal tuberculosis -,D,A,A. X-ray,False,
290bc0ee-6cdf-4bd9-a7a2-0dee0a8408f1,Most useful investigation in a 55-year-old postmenopausal woman with DM and HTN who has presented with postmenopausal bleeding is:,B,B,B. Endometrial Biopsy,True,
36308591-9653-4a3d-8be3-3ab5244364a6,Most frequent benign bone tumor of hand is -,A,A,A. Enchondroma,True,
4eea39c2-2669-488a-b06b-54fc81a90755,Pick's body in Pick's disease is -,A,A,A. Tau protein,True,
eccdab28-c275-49bb-83b9-fd6c71dcb8b5,Maximum chances of ureteric injury are with:,B,A,A. TAH,False,
33675768-fbb6-4eeb-8dc1-9f79c010f22a,Presumptive count includes -,B,B,B. Coliform but not only E,True,
4e88235f-9dec-4e81-a988-bc7f750be79e,Left sides vocal cord palsy is commonly due to -,A,D,D. Thyroid surgery,False,
4fa530c2-a2f7-4fa5-9035-f4b283a9bafe,Of the following minerals the highest amount found in human body is:,B,B,B. Calcium,True,
d4591a67-4704-4912-9b1d-c23952e49a77,RCH phase 2 does not include,D,A,A. Immunization of pregnant women,False,
e4773538-c71c-4fc5-b428-1aa6fa13145e,Most common lung cancer due to tobacco,B,A,A. Adenocarcinoma,False,
b536b071-b4b8-4fde-99c0-036eec18b782,Specific marker for intestinal inflammation,B,B,B. Fecal lacto,True,
b4ad6fec-9445-48c5-a7ad-fea59fc0c972,Skin graft for facial wounds is taken from:,A,A,A. Medial aspect of thigh,True,
b772274b-711b-4f73-aa47-aa8a949c8b02,Primary Structural defect of an organ is termed:,A,A,A. Malformation,True,
b6c3a7a8-37b0-4ac1-b3da-f7ff6c1fecf7,Tinea cruris is caused by,A,A,A. Epidermophyton,True,
0d3075d6-318e-4691-8a96-d1c1cb1ad3d7,Umbilical vein becomes --- in adults:,A,C,C. Medial umbilical,False,
bcc97a42-4461-4fb2-a0ea-b34b29509d6d,Increased permeability in acute inflammation is due to-,A,A,A. Histamine,True,
1ca21da7-64b4-4a8b-8473-858245e0b4f2,Duke's criteria is used for evaluation of?,D,A,A. CHF,False,
6a6e2ada-cc8f-4dac-b764-f8195c4b09ed,Which of the following nerve fibres serve as preganglionic autonomic fibres,C,A,A. Aα,False,
98dc969f-9dd1-4b97-a3f0-613aeda77762,Which of the following inhaled gas is used to decrease pulmonary aery pressure in adults and infants?,C,A,A. Nitrous oxide,False,
49bbd4a8-9116-41ba-a614-307550ecea66,Anorexia nervosa can be differentiated from bulimia by,D,A,A. Intense fear of weight gain,False,
a0abf8b3-b48c-4f16-82b2-e2875c111dbc,Amount of ORS given in a 4 kg child with diarrhea with some dehydration:,B,A,A. 200 mL,False,
04c7cbb9-d407-4290-bfba-8d7e82e2b3ce,Interferon gamma secreted by?,A,A,A. CD4 T cell,True,
c437e0bf-2281-47b0-9f22-c1d3f3f28e9c,Cremasteric muscle is supplied by,B,C,C. Femoral nerve,False,
d797d404-268b-404d-abd8-3c5a6f16b870,Which of the following autoantibodies is most suggestive of subacute cutaneous lupus erythematosus?,B,A,A. anti ds DNA,False,
cc30fbd2-c8d3-47c4-922f-0888c2b98d85,Dense middle cerebral aery (MCA) Sign in brain is seen in,A,A,A. Acute infarct,True,
59b204de-52e7-4135-b9ee-b5d35d26e727,Least soluble cement,A,D,D. Silicate Cement,False,
e11ced88-d7ed-4cd2-b829-a579a4155950,The penicillin G preparation with the longest duration,A,A,A. Benzathine penic,True,
432ae068-ed94-415c-afa9-9eef243d2f9b,Regarding termination of drug action:,C,C,C. Hepatic metabolism,True,
499c0f00-9d08-4185-9e73-1bea938670df,Initial investigation for obstructive jaundice is,A,A,A. USG,True,
ae0c08d1-8f64-49a0-8928-e03d32c53b3a,Nephrotoxic agent is,A,A,A. Methoxy flurone,True,
124ba46a-2d3a-4825-b54d-7e7760cc572f,Reversal lines are a coating found in bone is produced by,A,A,A. Osteoblasts,True,
6f95b352-df62-4d70-b9e4-8d1ade7c023d,Which of the following antibiotics is least Nephrotoxic?,D,D,D. Doxycycline,True,
40d1088f-1ade-49d8-a3c9-c256045c7a8f,"A 19-year-old woman presents to the clinic for evaluation of primary amenorrhea. Her physical examination is normal, and she has female sex characteristics and breast development. The only abnormality is the absence of body hair. Among other investigations she also has genetic testing that reveals an XY chromosome pattern. Which of the following mechanisms is most likely to explain her phenotypic pattern and amenorrhea?",C,C,C. androgen receptor defect,True,
266287eb-a640-4ede-8e64-f76228948183,Bishop-Koop operation done for,A,A,A. Meconium ileus,True,
7c4f28ce-b269-418b-8bd7-21c88fbd9fd3,Structure of antibodies is composed of,D,D,D. 2 heavy & 2,True,
0116ad4e-9454-452a-8680-09164ebf270b,Salivation by dog seen when food is given along with ringing of bell is :,A,A,A. Conditioned reflex,True,
825864e0-b56b-4e7c-848f-366d61bcbbee,Pressure diuresis lowers arterial pressure because it?,A,C,C. Lowers systemic vascular,False,
9ee3fc01-5efc-437e-a6af-5329e8274625,People with high risk for development of breast cancer should be treated by prophylactic administration of :,A,A,A. Tamoxifen,True,
e80d8c25-d545-4d6b-b3d8-a36513b915c1,Beta2 adrenergic receptor stimulating drugs are used in:,A,A,A. Bronchial asthma,True,
bc9554c5-9aca-4746-9d94-3c27059e71d7,"A 21-year-old woman presents with complaints of primary amenorrhea. Her height is 153 cm, weight is 51 kg. She has well developed breasts. She has no pubic or axillary hair and no hirsutism. Which of the following is the most probable diagnosis?",C,A,A. Turner syndrome,False,
17c2a3e2-cec5-4f3a-9dad-b113335815fe,Specific for albinism,A,B,B. Decreased visual activity,False,
c0e54415-f4c7-42ac-b4b9-ac355b34d1c3,Best spontaneous breathing circuit is:,A,A,A. Mapleson A,True,
56f4852f-acb1-44d0-b0a5-b607d44f285d,Only male are affected in -,B,A,A. Scheie's syndrome,False,
877bcad6-c84d-4421-baf3-e9c396a24657,The minimum amount of tooth demineralization required for radiographic detection of dental caries is,B,A,A. 20%,False,
0a396790-e8fb-475d-b5c7-0a0cc9768cb3,"This HIV-positive patient with a viral load of 750,000 copies of HIV RNA/ml and a total CD4 count of 50 is at an increased risk for a number of infectious diseases. For which of the following diseases is the patient at no more added risk than an immunocompetent host?",D,D,D. Pneumococcal p,True,
bbad9daa-b9cb-4313-b671-f8ba4d06f87d,"In an epidemiological study, the first case whichcomes to the attention of the investigator is",B,B,B. Index case,True,
a56650e6-87b7-4014-9671-04e4a903bb88,Batson's plexus of veins connects-,A,A,A. Prostatic and vertebr,True,
247fece8-f3cf-4e63-bd23-a7b7818e5614,Ohgren's line passes from,A,A,A. Medial canthus to,True,
7fa5f474-c88c-4ed6-916e-c57284e9a0e9,An 8 year old boy presented with fever and bilateral cervical lymphadenopathy with prior history of sore throat. There was no hepatomegaly. The peripheral blood smear shows > 20% lympho-plasmacytoid cells. The most likely diagnosis is -,B,C,C. Infectious mononuc,False,
335e33c1-4ad5-44f9-98ac-24ff6e31fc38,TSH acting through,C,B,B. Nuclear receptors,False,
5304eb94-6208-4358-b2ae-7d115b814edb,Apoptosis does not occur by normal caspase pathway in?,C,C,C. Neurons,True,
68d76420-fb90-4592-9921-4bcbb991c802,"During replication of DNA, which one of the following  enzymes polymerizes the Okazaki fragments?",C,C,C. DNA Polymerase III,True,
69daabc4-38cf-4e07-b46e-ada3e9674683,"A 30-year-old woman presents with a hea murmur. There is a history of recurrent episodes of ahritis, skin rash and glomerulonephritis. Blood cultures are negative. Laboratory tests for antinuclear antibodies (ANA) and anti-double-stranded DNA are positive. Which of the following is the most likely cause of hea murmur in this patient?",A,D,D. Rheumatic fever,False,
90643e0e-0a56-43c7-94d2-8bebb90c8be9,Duffy antigen on erythrocytes are receptors for,B,A,A. P. falciparum,False,
64705be9-e0f0-4a31-b78a-a1b2cc427ae2,Homeostasis is Body's mechanisms,B,B,B. For maintenance of nearly constant conditions,True,
c918426d-b8ae-4ab8-be4b-048ebafe48f5,The usual site of stress fracture includes,D,A,A. Tibia,False,
17e554cf-7198-4d1e-9af7-27b871e1e49d,Which of the following glycolytic enzymes is used in gluconeogenesis?,B,D,D. Phosphofructokin,False,
dbc01305-9099-4932-9048-ab25b0cdb31d,Manganese deficiency leads to?,B,A,A. Parkinsonism,False,
2b8b0288-6980-49bb-97cd-bfbc2ea72a2b,Red cell aplasia caused by:,B,A,A. Aminoglycosides,False,
c276fbc2-fa09-4203-87b9-432a592d129b,Purine nucleotide synthesis is done from,B,D,D. Asparagine,False,
777ccaa6-8517-4963-9442-ce5d395d2825,Which among the following does not cause exaggerated jaw jerk:,D,D,D. Syringomyelia,True,
f025fae1-e535-487f-9196-76065c69e4a9,Which bacteria penetrates intact cornea ?,A,A,A. Corynebacterium,True,
6fa5b8e5-df56-4807-b50e-59d19f59e44d,Methotrexate toxicity is prevented by giving?,B,A,A. Folic acid,False,
a259be81-5da1-4c95-8767-85aa7de1a9fb,Which of the following tumor is the prototype of hereditary tumors of childhood?,C,C,C. Retinoblastoma,True,
62019b43-d8c0-49e2-b49a-d718121dffa0,Most common parotid tumor,A,A,A. Pleomorphic adenoma,True,
69e4bc56-7ace-4413-8cd8-3550eb2582d3,Pulse oxymetry detects inaccurately in presence of – a) Hyperbilirubinemiab) Nail polishc) Methemoglobinemiad) Skin pigmentation,B,D,D. bd,False,
70e28653-2624-4e09-9efc-8dba98ecba09,A 32 year old chronic alcoholic patient known case of chronic liver disease is posted emergency laparoscopic appendectomy. which among the following inhalational anaesthetic agent should be used for induction,C,A,A. Methoxyflurane,False,
31ddd4c0-b977-4bad-b02f-e21f02c1d64c,Opioid analgesics used in treatment of cough?,C,C,C. Codeine,True,
cfebfd0e-70e5-4158-80a1-03660da3803f,"A 6 year child presents with hepatosplenomegaly & generalized lymphadenopathy along with fever. The child developed a rash, after being administered ampicillin. What could be the possible diagnosis?",A,C,C. Kawasaki disease,False,
3e8a59f9-9616-4ba3-afe7-0f52f5fda897,Melanocytic marker is?,B,B,B. HMB-45,True,
8ed89c21-eead-4107-a371-03b9cafad9e3,"25-Dihydroxycholecalciferol is converted to 1,25-dihydroxycholecalciferol in:",D,D,D. Kidney,True,
e05c5320-27b3-48f5-bf77-fcd29a8eabdf,"During autopsy, if spinal cord is to be examined what is the most commonly used approach:",B,B,B. Posterior,True,
b6fc05b5-5c1a-46ec-a6b9-20bf6715ba67,Intramuscular injections are given in --------- quadrant of gluteus,C,D,D. Inferolateral,False,
e0511a89-a51e-491d-bbe5-8d58a6e9b30b,The term Stratum malphigi refers to:,D,A,A. S.corneum + S,False,
ec61fd8b-536f-411b-9af0-0721b27bcc73,Primary metabolic bone disorder in scurvy is:,B,A,A. Decreased mineralization,False,
d504fe26-68bb-47b7-a0db-b5dc9ac09a88,Benign Prostatic hyperophy results in obstruction of the urinary tract. The specific condition is associated with enlargement of the:,C,A,A. Entire prostate gland,False,
78ec8acf-76f5-410e-b6d4-6c02199e526a,Which of the following tests is the least useful in endodontic diagnosis of children?,C,D,D. Cold test,False,
3e6ff030-34ed-4d09-987e-82ffbf452f9e,Tetany is not seen in: March 2005,C,D,D. Thyroid Surgery,False,
5ce02b65-8ea4-4b7d-934b-c886e8d682c7,Root value of sciatic nerve -,B,A,A. S1S2S3,False,
54c0f221-3a3a-478e-be9f-cca1908492e5,The recommended content of Iodine in salt at the consumer level is -,B,A,A. 10ppm,False,
ceae103b-544f-45b0-b1c7-6c1085c8bb71,Screening of Cervical cancer is which level of prevention,C,B,B. Primary,False,
5bc9aff7-6e47-4a5d-950e-4f1633ba6126,Glucose transporter in neuron is -,C,D,D. GLUT-4,False,
5f79af41-0a7f-492e-980a-9a45acc069b9,Which among the following is computer controlled injection system:,A,A,A. WAND.,True,
228ddd9d-792f-4157-a170-c9bfdcbfce4d,In which cause of jaundice there is no bilirubin excretion in urine -,D,D,D. Hemolytic jau,True,
9b01ee36-e217-4836-b015-22287b4a15c4,Microcephaly is defined as,A,A,A. Head circumference < -3,True,
ae229c51-781c-4cb7-a93c-1eb1d851b37f,Histiocytic necrotizing lymphadenitis is,B,A,A. Kimura disease,False,
0ef0575a-82f9-4fb4-b220-7ad8a77ada1c,The most common site of lymphoma in AIDS is:,A,A,A. CNS,True,
417bdbc8-b5e2-45da-a7fd-2a761ce374ca,Capillary leak syndrome is caused by which of the following drug?,B,A,A. Fligrastim,False,
d7b1fc4d-561d-4691-8c46-bd0f80c15572,Limpet-like cone-shaped lesions in psoriasis refers to:,A,A,A. Rupioid psor,True,
f61a27b8-4b19-48de-902c-55aee0100c1a,Another name for glucose,B,B,B. Dextrose,True,
dc5c1b11-d823-4447-8bd6-542e8a3b28bc,Decreased fractional excreion of sodium is caused by -,A,A,A. Prerenal azotem,True,
b117ad23-4b1b-48a3-a7fc-546be44e6140,Hypercarbia is characterized by:,D,D,D. Hypeension,True,
a5affc31-d1d5-4f34-b949-ca4423bd3384,Kaposi's sarcoma is more commonly seen in patient with,A,A,A. AIDS,True,
f1267e7d-a317-462e-9ae1-3d80a6016a81,A newborn of 7 days old presented with meningitis. Most common cause –a)  E.colib)  Streptococcal pneumoniac)  N. Meningitisd)  Streptococcal agalactiae,D,A,A. b,False,
6ac3a018-cad6-431e-9fb0-6912cb1ac31f,Drug not used in the management of PPH,A,D,D. Ergotamine,False,
ec5a6c95-fe5f-46e7-827e-57526a8b9dc2,Dysfunctional uterine bleeding is associated with:,A,A,A. Metropathia-ha,True,
23fee466-da90-455c-89ad-fef2b0613241,A patient on amiodarone is diagnosed to have cornea verticillata. What should be management: (PGI Dec 2010),A,A,A. Stop the drug.,True,
88f79756-b061-48a4-9d06-01ce249180e1,Which one of the following is not a AIDS defining condition -,D,D,D. Hodgkin's,True,
a0a1ff24-959b-476e-9f32-aa3ad4420231,Which of the following is not a sexual paraphilia?,C,C,C. Homosexuality,True,
9c7d8c1c-b074-41a5-b546-f44deaf23052,"A middle aged woman with history of backache underwent a Schober test and came as positive. She had hyperpigmented nose and ears. Looking at this radiograph, most likely diagnosis is:(AIIMS 2017)",C,A,A. Ankylosing spond,False,
9ef92372-0343-405e-88af-c00100939074,Which of the following is the most severe form of Diptheria,D,D,D. Laryngopharynx,True,
5829b69a-6b50-4801-ae72-de0cab511949,"Poal hypeension is defined as, hepatic venous pressure gradient (HVPG) greater than",A,C,C. 15 mm of H,False,
1c1b0a87-f1ba-4477-a7a8-83628440ba28,Hyperthyroidism is diagnosed by,B,D,"D. T3, T4,",False,
520f868f-4195-4778-a598-6eaea0e6545c,Which of the following will decrease the physiologic dead space?,B,D,D. IPPV,False,
27ce1b37-47c9-4f65-8b94-e6d7676b9ff1,Salmonella typhi is the causative agent of typhoid fever. The infective dose of S. typhi is:,C,B,B. 108 -,False,
b843c5ef-2e11-4ede-8d01-7ed9b7c3ad7a,Which is not associated with vitello-intestinal duct:,D,B,B. Umbilical fistula,False,
899d111e-7f17-4a0e-a0b9-15cea160ea88,In the case of dogbite the biting animal should be observed for at least -,B,B,B. 10 days,True,
9c39cd56-ba38-4efc-97da-dd1e8c87213c,A 55-year-old woman is noted to be taking tamoxifen to help with breast cancer. She also complains of vaginal bleeding. Wof is the best explanation for vaginal bleeding,B,A,A. It is an estrogen ant,False,
b4ab9f05-d44f-42b0-9a7e-db6065ea0069,Which of the following growth alteration is an example of hyperplasia rather than metaplasia?,A,A,A. Increased gobbler cells in,True,
76f1428f-1754-41ba-8a15-135665844338,An infant presented with erythematous lesions on cheek and extensor aspect of upper and lower limbs. There is a family history of Asthma. The probable diagnosis is:,B,B,B. Atopic dermatitis,True,
802871ef-8966-4996-bf5c-8ba5f635972f,Reason for preferring cis-Atracurium over Atracurium is:-,B,B,B. Lesser provocation of histamine,True,
4fd2e570-4565-453d-b6a8-fe7d6f927617,Wireless capsule endoscopy is done to visualize which of the following condition?,C,A,A. Esophageal varices,False,
dc7b5a8a-c6f8-4975-b156-6280d24a5c5b,A 31 year old patient of schizophrenia who has been taking antipsychotics for 7 years was taken for ophthalmologic examination. The examination reveals presence of retinal pigmentaion. Which of the following is the antipsychotic patient is most likely to be taking-,B,B,B. Thioridazine,True,
c48d63c5-a825-4960-bdd1-a5a0d09f31aa,Contraceptive which is supplied by government free of cost: September 2006,C,A,A. Minipill,False,
fdff24e5-fe4a-432b-926a-43f607c62018,Plant penicillin is -,C,A,A. Carbamate,False,
ec086545-b354-4e25-807e-3a70e8c790da,Screening method for medullary carcinoma thyroid is,C,C,C. Serum calcitonin,True,
6a01ccd5-80ac-4c07-bcf1-5ff2285490c3,Which of the following wax is not ﬂowable at  mouth temperature?,B,D,D. Adaptol wax,False,
ec190878-48e5-4e9e-8d0f-1cb768342b75,Diagnosis:,A,A,A. CBD dilatation on ER,True,
a7862cd8-84d0-4933-afe4-3c3bafceb3f9,Arrow shift of the curve is not due to:,B,D,D. Increased BPG,False,
8688e25e-bdb8-4316-a4de-da35f56c8630,Chickenpox -,B,D,D. May cause pneumonitis,False,
16cf71dc-849a-4022-abcd-cc539ec2c744,Treatment for achalasia associated with high rate of recurrence,D,B,B. Laparoscopic my,False,
1ce05d24-87d4-49c6-9c7e-9a348043e9e7,Cornea is lined by --,C,D,D. Pseudostratified,False,
8dba4374-f2cf-4718-a1f9-e32d89422b5c,Medullary carcinoma of the thyroid is associated with which of the following syndrome:,B,A,A. MEN I,False,
40560172-e412-4bd8-887b-91e89945de0e,Inhibitory postsynaptic potentials (IPSPs) commonly occur at which of the following sites,C,B,B. The anterior gray horn of the,False,
a66bdccd-bfb6-46f7-bf1c-c063b922e078,Immature bony trabeculae are found in,A,D,D. Cleidocranial D,False,
7c68ad56-2f7a-40bc-bec0-09b571fcdffd,A case of vasectomy is said to have failed as the vasectomised person's wife gives bih to a child ten months after the operation. Which one of the following is the most probable cause :,A,C,C. Recanalisation,False,
b6c8e552-fcb7-41b0-ab1c-a10517bf8108,Characteristic finding in CT in a TB case is :,A,D,D. Ventriculitis is a,False,
8cae75fb-20b6-472d-89f0-4bef66fc0433,Drawback of ozone as water disinfectant is,D,C,C. Teratogenicity,False,
3145b06b-4b43-4134-a12d-441117950add,"Cardiac output = 5 lit/min. BSA = 1.7 m2, calculate the cardiac index:",C,D,D. 3.7 L/,False,
6a70538e-84dc-4b2f-ac22-9f3d086912ed,A 63-year-old man becomes oliguric 2 days following an open cholecystectomy. Which of the following findings would suggest that prerenal ARF is a major factor in the etiology?,A,D,D. the urine sodium is,False,
c0dc18dd-7d50-4b8a-ab7a-b6232880ef66,Which of the following is a zoonotic disease -,A,C,C. Filariasis,False,
09c9ea23-525c-4ab9-bc73-0e20659357fd,MRI of skull represents:,A,C,C. neumocephal,False,
740236f0-00dd-4551-9561-2cc39417b088,"The parvocellular pathway, from die lateral geniculate nucleus to the visual coex, carries signals for the detection of",B,B,"B. Color vision, shape and fine",True,
3aac3b9b-0f7b-4ed8-a507-3a8d1f2d3dc2,In tetanus infection:,B,A,A. The disease is produced by the,False,
2eb74d90-748a-47be-b13b-5118a2e07f3a,Which among the following is an early sign of magnesium toxicity? NOT RELATED-MEDICINE,A,A,A. Depression of deep tendon,True,
6653ab09-8ed3-4260-97e2-ab1edfc44065,The advantage of resin teeth over porcelain teeth is,D,A,A. Greater wear resistance,False,
1e5313eb-5f0f-40e1-9ca6-3cefc6ca35b6,Conclusive test for semen,B,A,A. Florence test,False,
7e9235ba-e505-482a-9988-d6569b498f62,Most common site of cholangiocarcinoma?,B,A,A. Distal biliary duct,False,
8086ee7a-0d10-4f02-b414-3767ce8ce552,Dose of chloroquine for prophylaxis against vivax malaria: September 2012,B,A,A. 150 mg (,False,
a940c2d7-0978-41ab-9d38-fbb69f207de1,Oxidative injury of the red blood cells leading to heamolysis is associated with of the following clinical conditions?,A,A,A. G6PD deficiency,True,
a74255de-be5e-4e01-b074-37a919a2c04a,Porphyrin of normal erythrocyte haemoglobin is,C,C,C. Protoporphyrin III,True,
9ce6e8cc-ca13-4ef2-bfbd-ac063cf227bf,Levinthal Coles Lillie bodies are seen in -,B,A,A. LGV,False,
2154c179-e80f-42cf-b3a2-495b1a1a4e54,The treatment of choice in Taenia saginata and taenia solium infections is -,C,C,C. Praziquantel,True,
9a57ed7d-59a8-4071-953f-1d93963e5e3b,Which of the following is the first strategy in the management of chronic obstructive lung disease ?,C,C,C. Cessation of smoking,True,
304a0409-a216-42e9-bf9b-ffb0f7426725,Best method to diagnose hydrocephalus in 6 month old FETUS is:,B,B,B. Ultrasound,True,
48626627-d511-4d23-bfcf-9d04c26b85fb,Contraindication for bag and mask ventilation among the following is:,A,A,A. Meconium aspiration,True,
ca76535f-0e97-4e03-a6cb-4ae0c2db4715,Body water content in percentage of body weight is lowest in -,B,A,A. Well-built man,False,
b980cced-dd92-42b8-9101-ed4d3e9adf2f,Investigation of choice for meningeal carcinomatosis?,C,A,A. NC-CT,False,
fb0f7714-ee62-4b1c-82f5-cb873304c40c,A 40 year old man was admitted to the hospital emergency with sudden onset of symptoms and signs of severe left ventricular failure. What would be the best management of this patient?,D,C,C. Digoxin,False,
cebca6fe-0204-4082-8be1-4758f69c41e8,"A person aged 36 years is having firm belief that his wife is having affair. He often sits alone, muttering himself and hears voices commenting about him. He was absolutely normal 2 weeks before.
Most likely diagnosis is",C,B,B. Delusional disorder,False,
61f22826-59bd-41a3-a2e1-892819925659,Ondonsetron is a potent,A,A,A. Anti emetic,True,
d6595077-557d-4f94-a920-d35336d111aa,Opioid agonist-antagonist is -,B,D,D. Methadone,False,
06b6cca3-e3d2-4f4c-aa7b-5bc98f6bff5a,Tympanic plexus is formed by-,A,A,A. Tympanic branch of gl,True,
32d82935-a785-40d6-b022-f9444299daf4,Collet sicard syndromeis due to lesion of which of the following cranial nerves?,C,A,A. CN 5 &,False,
e5595481-ee83-4e15-aea3-dda9bcee3927,Scrub typhus caused by R-tsutsugamushi is transmitted by?,B,A,A. Flea,False,
e2159481-bd42-4534-9338-b12c9305cbf1,"A 21-year-old unmarried woman has premenstrual fullness of breast and pain, the likely diagnosis is:",B,C,C. Fibroadenoma,False,
92f069fb-7c7f-4277-9571-ad469386b376,Most common type of gastric carcinoma is?,B,B,B. Adenocarcinoma,True,
c1a5916a-93af-4127-9a33-3b80113631b7,Which one of the following is not a characteristic feature of rheumatoid ahritis ?,A,D,D. Positive rheumat,False,
66007418-6d04-45be-88ae-d043c16335fb,Which of the following is more aggressive rectal carcinoma ?,B,A,A. Adenocarcinoma,False,
0d95167e-7714-499c-bcda-8e459685dcb0,"Which of the following would be the plasma osmolatity of child with plasma Na+ 125 mEq/L, glucose of 108mg/d1, and blood urea nitrogen (BUN) of 140 mg/dl -",B,B,B. 306 mO,True,
52e513c9-7953-4938-b16f-a6b94cf80fa2,35 year old female patient complains of dry mouth and scratchy feeling in eyes. She is found to have antibodies against anti- SSA/Ro. Which of the following can be the most accurate sole criterion to diagnose the condition,D,C,C. Objective measurement of lacr,False,
8fd36293-2c80-47cd-b530-d9ce67ae8fde,Which of the following test is useful in diagnosis of congenital dislocation of hip ?,A,A,A. Barlow's test,True,
795c4cd4-8e0a-4cf0-a63e-bc1489f7d6c9,Fetal anemia is seen in:,D,D,D. Sinusoidal pattern,True,
12a13d4d-fac3-46a7-b000-b8a83fb6ecb4,A 20-year old male patient complains of severe abdominal pain and passage of bloody diarrhea. Physical examination reveals fever of 101degF. Stool examination revealed numerous pus cells and red blood cells. The patient's symptoms are associated with an epidemic of contaminated water and food. The characteristic feature of the organism responsible for the patient's symptoms includes which of the following?,A,C,C. Invasion of liver may result,False,
6caef923-0bd7-4248-b990-79cc2679b61f,Chassaignac's tubercle lies at level of,A,A,A. Erb's point,True,
82431d98-0838-4ec6-9ab3-7c1211ba7a86,Consistent change in particular direction over a period of time,C,C,C. Secular trend,True,
9e84f947-b589-405f-a71c-caa6d47ebbcd,Hemoglobin acts as a buffer because of:,B,B,B. Histidine,True,
da1add73-2168-49f1-9db6-ebd0df3f6d11,Principle mode of heat exchange in an infant incubator is,C,D,D. Conduction,False,
de37f231-4a20-40af-8bb1-aa7e7231a4c7,"A 26-years women presents with a palpable thyroid nodule, and needle biopsy demonstrates amyloid in the stroma of the lesion. A cervical lymph node is palpable on the same side as the lesion. The preferred treatment should be:",C,C,C. Total thyroidectomy and,True,
55570f12-9257-4e27-9848-478824e547f9,The largest compliance in the circulatory system is of,C,C,C. Veins,True,
deb402e5-cf7c-45c2-8388-174369df7ed9,Which of the following are epimers,A,A,A. Glucose and Mannose,True,
784adc8e-f821-4913-af5b-0090c186a597,The most common agent associated with neonatal bacterial meningitis is –,D,A,A. Haemophilus influ,False,
9f9b323d-577d-410b-b1c5-1e72d4541a43,'Row of tombstones' appearance is seen in :,B,D,D. Harpes zoster,False,
3c22d179-3339-4aaf-9835-463ba3be0078,"In Budd Chiari syndrome, the site of venous thrombosis is",C,A,A. Infrahepatic inferior,False,
41425fd5-5852-47d3-ac4d-9e1d855402d6,In HIV window period indicates -,B,B,B. Time period between infection and detection,True,
71ad0c66-a27d-4096-82f9-4a42ebadcc71,Which is the most common uterine malformation seen in cases of recurrent aboions?,A,A,A. Mullerian fusion defects,True,
154c7555-077b-4b97-af9a-a3e438bc441a,Punched out lesions on the alveolar ridge is due to:,A,A,A. Acrylic nodules on,True,
bac4f911-f92f-446c-8862-6105964d60b4,2nd heart sound is due to-,B,A,A. Closure of AV val,False,
64816cf4-86f7-4af2-a1dc-86aa5cca3891,The commonest type of genital tuberculosis is :,A,C,C. Endometritis,False,
7eeb9863-e0df-494b-9eb5-1b573ab8ba50,Antihypeensive drug which is beneficial or neutral in the lipid metabolism is,A,B,B. Propanolol,False,
a2406289-2de3-488a-a94e-1885dcb8fdb9,An agent added to local anaesthetics to speed the onset of action is :,B,D,D. Adrenaline,False,
6de36ce7-1b0e-4223-b24f-ae523313a8f2,Antitubercular drug which reaches inside the caseous material is ?,B,A,A. Isoniazid,False,
f39ce522-10f6-4dac-b7b1-1ecb2341d447,Phase II block given by which drug-,A,B,B. Pancuronium,False,
62ab5a16-deab-4067-b2cd-945e89a80e50,Difference in hearing between the two ears required for lateralization of Weber test is:,B,C,C. 8 dB,False,
e5ca1670-8880-49fd-bed4-c1d7b7da1365,Tape worm is found in -,C,C,C. Ileum and jejun,True,
19332e05-32c3-4dff-a852-a4cc2f3f7a9b,In which of the following conditions Parakeratosis most frequently occurs-,A,A,A. Actinic Keratoses,True,
66db7560-a274-4d71-ac19-e181459d1d24,Which of the following drug is bactericidal?,D,C,C. Chloramphenicol,False,
1d8d7b1f-5de3-43d2-b58a-bc9d12d9cd48,The minimum concentration of reduced hemoglobin required for cyanosis is,D,C,C. 7 gm/d,False,
79a164e2-8756-4c2d-a275-36e2b33bd4fd,Treatment of Puberphonia is,C,A,A. Thyroplasty type,False,
3b388c16-4867-4269-bf3f-43b17b25f706,Savlon contains -,A,B,B. Cetrimide + Ch,False,
8a947170-b67f-41ab-90c3-0fd78c887c53,Ferruginous bodies are seen in -,C,C,C. Asbestosis,True,
23f93efc-0a86-4f19-a735-465ef995b4e6,A pt. presents with hematuria of several days and dysmorphic RBC casts in urine. The site of origin is :,A,A,A. Kidney,True,
cb5936a6-9b45-4ed4-918b-8dc27d7080c8,Gelastic seizure is a,A,A,A. Laughing epilepsy,True,
96fcce08-04b5-42bf-968d-365f6c7b0586,Claviceps purpurea is an active ingredient in which of the following toxin?,D,D,D. Ergot alkaloid,True,
63caae83-07d7-4a86-96b6-bf9882702f04,Fisch's physiological bottleneck (narrowest pa) is present in which pa of the VIIth nerve,A,A,A. Labyrinthine segment,True,
56c8c7a8-159a-4532-9ed3-c53900455137,"For the following disorders, select the serum concentrations (mEq/L) of sodium (Na+) and potassium (K+) with which it is most likely to be associated in a dehydrated patient.A 1-year-old girl has had since about 3 months of age repeated episodes of hypoglycemic seizures and bouts of lactacidosis. She has a protuberant abdomen due to her massive hepatomegaly, a doll-like facies, thin extremities, and is short for her age. Upon drawing her blood, you are struck by the ""milky"" appearance.",B,A,A. Na+ 118,False,
8dc1d945-42ef-4453-a330-bf835737c711,Barrets esophagus is commonly associated with one of the following:,A,A,A. Adenocarcinoma,True,
11984734-0513-4762-a4a2-9afc0bdc13b5,Which of the following organ is not affected by Plasmodium falciparum?,D,A,A. Lung,False,
dcadf283-345d-4e54-b250-9a2de42ee073,Which is not seen in iron deficiency anaemia ?,A,D,D. Commonest cause of ana,False,
a6c7c209-64d7-4129-9160-0b52c65a1b58,Acromegaly is due to excess of:,B,B,B. Growth hormone,True,
2513bc1e-11e3-4475-b21a-407ce932ac45,Mean done density amongst two groups of 50 people each is compared with each other. The test of significance used would be -,B,B,B. Student t-test,True,
1e04a791-4d02-4520-99d2-05b893d09af7,Epiretinal membrane is seen in,A,A,A. Posterior vitreous,True,
d40e323f-8d5b-4930-8406-a5a00516f513,Grisel&;s syndrome is,B,C,C. Hexosaminidase,False,
749f94ab-bc90-461a-99f0-4b2493173acd,The RNA virus which is inhibited by Actinomycin D,C,A,A. Measles,False,
5a6dad5d-15f1-46ed-ab44-99dfa1009a3d,Which of the following is a contraindication to nonoperative management of splenic injury?,C,C,C. Hemodynamic instability,True,
d68980d4-ec2b-4c57-986e-c3b961a538ec,Single drug regimen for carcinoma esophagus which shows significant decrease in tumor size in 15 - 20% of patients incorporates which drug?,A,A,A. Cisplatin,True,
5264a271-c14c-45b9-be59-4ee744bfb892,Lateral Sacral artery is a branch of,B,D,D. Direct branch from Common Ili,False,
790e4b2c-a1fb-4d76-ba90-d5ac0cfe9b09,Pencil in cup deformity is seen in -,D,A,A. Rheumatoid arth,False,
e8cba9fc-1192-422a-99bb-40803cfc9d24,Increased LDH in Aqueous Humor suggests a diagnosis of:,B,C,C. Glaucoma,False,
25639ed9-a0db-43b5-b1ae-fcd8099d97a2,Which of the following are bacterial infection of skin?,C,C,C. Impetigo contagios,True,
b424b9cf-04ae-4e2d-974f-840f96f77a5f,Organ of Rosenmuller is a remnant of -,C,A,A. Endodermal sinus,False,
5f6fb4dd-d0b7-496f-8e6e-4f7afcb0599f,A young patient came for routine examination. On examination a mid systolic click was found. There is no history of RHD. The histopathological examination is most likely to show -,A,A,A. Myxomatous degener,True,
27c2f88e-3f2a-4d64-b5b3-430f34a8d72f,A woman is said to be have Menorrhagia in case the menstrual blood loss is MORE than what quantity?,D,B,B. 40 ml,False,
2bff9768-eceb-484f-b010-b10660cae864,Best method to diagnose pulmonary embolism:,A,A,A. Pulmonary angiography,True,
10ec80bb-af04-4f94-9686-91b8752dc3d1,What is the Goal of Prudent diet for prevention of Coronary hea disease?,A,B,B. Cholesterol; H,False,
7efa8bf2-84be-4f58-b2a7-df846c2ab5ec,Which of the following is not an adverse effect of chronic amiodarone therapy ?,D,D,D. Systemic lupus,True,
39c9d75a-2054-4a6a-bce8-6d5bc492411e,% of COHb that can cause death -,B,A,A. 70%,False,
ba3d0429-59dc-4f64-913f-70611332f923,Active form of Vitamin D,C,A,A. Cholecalciferol,False,
a9828730-d2b3-4ad4-8367-6503f7f9d9ee,"In severe heat strain, the heat stress index (HIS) is -",B,B,B. 40-60,True,
d8e83cf9-d1ea-4005-bc64-5fff40140ad1,Vitamin that acts as reducing agent ?,D,D,D. Vitamin C,True,
2526c620-4f3e-474d-82d3-27e0809fa188,"Reversible airway obstruction is defined as ___ percentage increase in FEV1, 15 minutes after an inhaled sho-acting beta 2 -agonist therapy-",C,C,C. >_ 15%,True,
40adecf7-a165-4369-a483-0752a0391893,The Least common quadrant in cancer breast is,D,D,D. Lower inner quadrant,True,
96ea319c-8240-472b-b080-36c54e34971d,Drug active against New Delhi beta lactamase producing strain:,B,A,A. Meropenem,False,
98987a84-6aae-42c6-915a-0dedcbd743fc,"A Patient comes with sudden respiratory distress. On examination, bilateral basal crepts are present over chest suggestive of pulmonary edema. Alveolar wedge pressure is normal. The likely cause is?",A,B,B. Congestive heart failure,False,
648c7797-3c74-43d7-bc68-27e8d4b644e8,"A 20-year-old patient presents to the OPD with complaints of abdominal pain, weakness since 2 months. The stool microscopy reveals the following. The most probable causative agent is",D,A,A. Ascaris lumbric,False,
79bf3342-8882-492a-bc66-ae39a939a433,A pragnant woman is diagnosed to suffering form Grave's disease. The most appropriate therapy for her would be-,D,A,A. Radioiodine therapy,False,
30f146b8-4b17-4b31-b281-800c5d3f3ab5,Which is the most common entero-pancreatic tumour in MEN 1?,D,A,A. Insulinoma,False,
e3a1fd4b-0635-4ed0-9eff-b12dfd3c9f3a,The latent period of muscle twitch is 10ms and the contraction period is 40ms. What is the tetanizing frequency (Hz)?,A,B,B. 50,False,
e973b652-7fda-49d7-9b4f-de37b1b06eb6,Programmed cell death is known as-,B,B,B. Apoptosis,True,
6512cafc-09b0-4400-8e60-15689c71157c,Selective media for gonococci-,A,A,A. Thayer-Martin media,True,
7d24faba-4751-4c9f-bf2e-06fd95efd477,"Adrenomyeloneuropathy, a variant of adrenoleukodystrophy which manifests as adrenal insufficiency beginning in childhood later develop to a progressive spastic paraparesis is transmitted as:",A,C,C. Autosomal recess,False,
91445fb2-db3a-4799-bf10-33ac24046f44,A double headed monster is known as a:,B,B,B. Dicephalus,True,
3d1fe860-44c1-4500-bf53-99a62bfc6873,In a-thalassemia with -,B,A,A. Excess a-chain,False,
3608ba47-960e-4c6e-aa01-c21a482e11d7,Bleeding spots are seen on removal of plaques in?,A,A,A. Psoriasis,True,
3111e8c0-b21c-4df5-9013-cf4cbb5b3954,Acute malnutrition is manifested by -,B,A,A. Weight for age,False,
492867fe-ec5c-46ee-84ac-ba1c389e5060,Commonest complication of subclan venous puncture is,B,A,A. Infection,False,
092d0996-a9d1-4de6-a602-5798ac676892,Morbilliform eruptions is seen in – a) Scarlet feverb) Rubellac) Toxic shock syndromed)  Measlese) Mumps,B,A,A. c,False,
d1e7f279-c405-4655-b321-eda02b5ec474,BACA-1 Gene is located on -,C,A,A. Chromosome 1,False,
320fcb18-3da7-423d-aba5-14f1e5592b96,Drug not useful in hypertensive emergency is:,B,D,D. Sodium nitropr,False,
ae4803cc-ad9f-4062-b369-d6ccb2981025,Ca prostate most common metastasis to,C,C,C. Lumbar spine,True,
36c49969-23cf-4895-8703-c7529897cec8,"A mother is diagnosed to have sickle cell disease, her husband is normal. What is the chances of having children with sickle cell disease and sickle cell trait respectively?",A,A,A. 0 and 10,True,
d59c5285-639c-43fc-8075-156b07780a9a,"A 1-year-old child presented with a swelling in the left flank with episodes of flushing, diarrhea, sweating and bone pain. The diagnosis is -",A,A,A. Neuroblastoma,True,
de0a446f-e84c-4baf-8ab3-f600c2fd0adc,Beta–adrenoceptor blocking agent that should be avoided in patients with renal failure is:,A,A,A. Atenolol,True,
3a0cbbf0-ea68-431e-b024-19565c9e3227,Which is not a feature of Skeletal muscle ?,B,D,D. Hypolemmal nucle,False,
4f57894f-757d-4b6b-9650-f29b39aea0b5,AH plus and AH 26 are:,D,D,D. Root canal filling material,True,
bc4082c8-b6f8-4475-bfa3-31e03a7c5e51,What is the mode of inheritance of Hereditary spherocytosis?,A,B,B. Autosomal recess,False,
120c6bbd-a322-477f-ad68-8f4e10f1aba1,Mikulicz cells & Russell bodies are characteristic of:,A,C,C. Plasma cell disorder,False,
afeb42f9-9482-48f8-a2b4-76b26b0faefb,Double bubble sign in children seen in AJE ?,D,A,A. Ladds band,False,
19b0f13d-4949-48e7-a2e1-3317f4dd9cd4,Barr body appears in female fetus at-,A,B,B. 10 weeks,False,
021a14f3-3685-43cc-9d08-6f53703d6752,Which of the following is not effective against anaerobes ?,A,D,D. Clindamycin,False,
a3fc0887-a17f-40c7-aafe-77fadee0d45b,Investigation in a case of Dowry death is done by?,B,A,A. Judicial magistrate,False,
f63aa17b-0da9-44a4-8826-08f3920c38a2,Which of the following Trinucleotide repeat mutation is present in Huntington's disease?,D,A,A. CGG,False,
2bd6b82f-da5e-4d18-b143-6bf554d064a4,Pneumoperitoneum is created by: September 2009,C,C,C. CO2,True,
39331263-721c-4bf4-9aa5-bfd76680df5b,Melanopsin is present in,D,B,B. Rods,False,
f3be8e76-940f-4760-a1d0-f545fc6d0483,Which of the following is the most common cause of tonsillitis in children -,D,C,C. Hypertrophic,False,
f3ab3cc1-59d9-40f9-8872-1de999c6a789,Which of the following means of contraception is the best method to achieve Net Reproductive Rate (NRR)=1?,C,A,A. IUCD,False,
93e74a70-0b9a-4969-a774-d25ef33e1d46,"Which is the following is not inherited as X-linked recessive:March 2005, September 2012, March 2013",C,D,D. Hemophilia,False,
bac079eb-b98e-4baa-be23-91284a128d58,Hailey-hailey disease is,C,C,C. Benign familial chronic p,True,
597959ce-fc3b-40b6-99eb-511651ae5c84,Reversed coarctation is seen in,C,D,D. Kawasaki disease,False,
40e7a7ab-e8e9-41ac-9a95-6b925897de0e,The following is the first sign that appeared in shock:,B,D,D. Syncope,False,
daff5266-8b77-4ffa-b1f7-f79029fb0a5f,One PHC covers how much population in hilly area?,B,A,A. 10000,False,
1f1e9cf3-66ce-476f-a1d2-57c78ca28d41,The health indicator obtained by dividing height by cube root of weight is,D,A,A. Quetelet's index,False,
9dd107f1-6064-41b2-bd44-fe1d828516ce,Epiphyseal plate fractures are classified by: September 2005,B,B,B. Salter-Harris,True,
eeec7ea4-c75d-4110-8e13-4882c5073056,"When using a supplemental fluoride for the systemic water fluoridation, which is the most important factor to be taken into consideration:",A,C,C. Amount of supplemental flu,False,
108ab972-75d1-4589-8f2d-b70a08ad051b,Lattice degeneration seen in,D,C,C. Glaucoma,False,
451e5570-d4fb-4644-bb4c-a65ebd3c50c9,Protector or inhibitor of Apoptosis,A,A,A. BCL-2,True,
790812d9-2388-4bc3-82e6-2c8d93ace8d8,Which of the following is not an aryl phosphate?,B,D,D. Follidol,False,
939582b8-a561-4c7f-82fc-4f1ca74b92e5,Antibodies most specific for drug induced lupus are -,D,A,A. Anti ds DNA,False,
011ba556-7c40-4b06-82f3-716be05ba359,"In muscle, Phosphorylase a is inactivated by",D,B,B. Ca2+ ion,False,
885a7406-6e7e-4708-b71a-2f315921189e,Leukotoxin is released by:,D,A,A. P. nucleatum,False,
5659939e-71d9-4338-884c-eadd5b47252e,Subpoena is a kind of -,C,C,C. Document,True,
afe18535-2b94-42d4-a20f-41146b79fb29,Anti progesterone drug is :,B,B,B. Mifepristone,True,
9e70c8d2-a562-436d-b485-90135450e491,Which of the following doesn't belong to ester group of local anaesthetics:,D,D,D. Dibucaine,True,
afb5bfdb-18d3-47ed-bda3-c9d3e94af94c,Earliest sign of rickets is:,B,A,A. Rickety rosary,False,
ea8b70a7-ebb6-4646-949a-31ff419df4f4,The cause of segmental peripheral neuropathy is -,B,A,A. Gullain-barre,False,
86eaf489-f6c5-4bfc-b70f-df55e74b2c73,Most common tumour of the posterior cranial fossa is -,A,B,B. Medulloblastoma,False,
1173613d-c8fd-4524-ba2b-ae95c0b1cbbd,Which of the following is not included in essential jones criteria?,D,D,D. History of scarlet fever,True,
00947c69-49ca-413d-87c6-0ce3ae3c582c,Which of the following laryngeal muscles constitute tensors of vocal cord?,D,C,C. Thyroarytenoid,False,
8c9dbef9-b1e5-449e-9c7f-9c21da83febe,The ideal treatment of stenosis of sphincter of oddi is,A,A,A. Transduodenal sph,True,
d5fbba06-07ae-4052-a4c7-895e36daf785,A patient with suspected subarachnoid haemorrhage presents with blood isolated in the fourth ventricle on a CT scan. Aneurysmal rupture is likely to have resulted from -,A,A,A. Posterior Inferior,True,
73055050-b556-4236-bb16-c2d4a06205f4,Curshmann&;s crystals are seen in,A,B,B. Bronchiectasis,False,
d0711a2e-422b-40f9-9353-1ea089326fb6,Opsonic index is the ratio of ?,B,A,A. C3b opsonin,False,
380ec535-531b-4898-bd9c-7280c161b624,structure passing through deep inguinal ring:,B,B,B. Spermatic cord,True,
d9763717-651e-4800-a5c1-fa56bafabfd3,Phenytoin causes gingival:,B,B,B. Hyperplasia,True,
140600ff-159a-4400-927a-ce75062fd0f0,"Semen analysis of a young man who presented with primary infeility revealed low volume, fructose negative ejaculate with azoospermia. Which of the following is the most useful imaging modality to evaluate the cause of his infeility ?",B,D,D. Spermatic venography,False,
aca0210e-4cbd-4afa-9b17-3143e7b2c516,"A 65 year old women has developed thick, erythematous nodules on her ears and nose with significant associated sensory loss. The nodules have grown slowly over the course of many years. Biopsy of the lesions shows dermal granulomas with giant cells but no acid-fast bacteria. Culture on blood agar and Lowenstein-Jensen medium shows no growth. These findings are most consistent with which of the following diagnoses?",D,D,D. Tuberculoid lepro,True,
8676c059-9e49-4ceb-8fa2-5e14ac84121f,Which is a natural uncoupler?,A,A,A. Thermogenin,True,
bae4c5b6-61b7-41f8-bcec-1a7cc01dc7fa,"Using a lens of +14D, magnification of fundus of an emmetropic eye in indirect ophthalmoscopy is: March 2013 (e)",D,B,B. 10 times,False,
f345d4e2-5c0d-4e23-af83-6c3bf3bb8875,Which of the following is a feature of Marfan&;s syndrome?,D,D,D. Subluxuation of lens,True,
a766e226-15fe-4d5b-909b-aadb56a04eaf,"Over the past 10 years, a 50-year-old male has had progressive difficulty hearing, paicularly on the left side. Audiometry testing reveals that he has a bone conduction type of deafness. Which of the following conditions is he most likely to have?",A,A,A. Otosclerosis,True,
5d86b0bd-7a57-41d9-994c-f3c7e36f405d,Punishment for voluntarily causing Grevious hu comes under ?,D,A,A. S. 322,False,
c8eabbd2-ffd0-41a8-a437-33a543575a0a,What is the most common cause for Budd chiari syndrome :,D,C,C. Valve in hepatic,False,
6c43c576-5468-4f65-8aa4-fc9e114bd143,"Patient with pyloric stenosis secondary to peptic ulcer, complains of profuse vomitting and Na+ - 125 meq/L, K+ → 2.3 meq/L and CI → 85 meq/L, E- 8meq/L should be given-",B,B,B. Normal saline,True,
3d8e2003-7498-45e2-bdc9-b9dd5943fa6a,Which of the following drug is preferred for skin rash in LE?,C,A,A. Steroids,False,
2bfa673b-a003-4de5-b1c0-e06014b73a2c,Patient with hemophilia A have bleeding disorder because of:,B,B,B. Lack of reaction accelerator,True,
cd7665f7-91ca-4646-bc83-48e4bdff9185,Which of the following brain tumors does not spread via CSF ?,D,D,D. Craniopharyngi,True,
63ea2a11-6c95-4e1b-9b8f-58469c89815e,A dead born foetus does not have,B,A,A. Rigor mortis at,False,
de2d48e4-0e07-4417-9191-720431db3876,21 Cities Study by Dean is done for?,A,D,D. Checking best city with least,False,
feafc28c-b62f-4cd4-b1e6-f94671cf5c04,Lactose on hydrolysis yields,D,C,C. One molecule of gluc,False,
605cdaf0-d20d-49eb-b99d-d1204b02fdac,Niacin deficiency cause,A,A,A. Pellagra,True,
28326297-f733-4f45-8bc8-e3cf7e0a40e3,"In osteoporosis, bone formation is increased by which drug",D,A,A. Bisphosphonates,False,
813f9273-96e2-4f01-a885-a155e8331847,Anencephaly is best diagnosed at 12 weeks by :,B,B,B. Ultrasonogram,True,
8168a4f1-38e8-4ae6-a70f-0d29ddab5488,Rigor mortis occurs due to?,B,D,D. Loss of heat,False,
cf46a238-2763-45ce-929e-572dcc646096,Frontal sinus drain into:,C,A,A. superior meatus,False,
6b299348-9ea7-4e66-aa00-d1193085bf5f,Metastasis to liver is UNCOMMON with malignancy of: March2013,D,A,A. Colon,False,
bf28775c-403b-48c9-a5ba-07f1217f17e3,Pain during inflammation is mediated by,C,C,C. Bradykinin,True,
bda03a43-8780-4170-90a3-fe0c074c2010,"An otherwise asymptomatic child was found to have hypeension. On fuher evaluation, his Urine analysis revealed 2-3 pus cells/HPF and 2-4 RBCs. Which of the following would be the most likely diagnosis? NOT RELATED-MEDICINE",D,A,A. Post-Streptoc,False,
9978bf8d-9aeb-41e9-82e8-2ed07f541d77,Resting membrane potential of neuron is,B,A,A. +70mv,False,
a23236ea-04d3-4306-ae13-adb8478d5b95,Which of the following cells is the germ cell closest to the basal lamina in the seminiferous tubule?,D,D,D. Spermatogonia,True,
89c89c4a-e3a2-4b19-b637-2cee5b2ad1a6,Hotspot on Tc-99 is seen in which parotid tumour?,D,A,A. Pleomorphic adenoma,False,
bdc3f765-5e1b-4cae-899e-6bf2901e7e71,Preferred incision for abdominal exploration in Blunt injury abdomen is :,A,B,B. Depending upon the organ,False,
b4430419-7250-47fe-bfb8-7999c5f0b217,Thoracic duct opens into ?,D,A,A. Subclavian vein,False,
b07bc454-eb96-4ce9-a37e-e85156cfefb5,Botulinum toxin acts on:,A,A,A. Inhibition of release of,True,
d5fb428b-a47a-4ed0-aa90-733740f481f2,Gold standard IOC for female infeility is:September 2011,D,D,D. Laparoscopy and h,True,
9f1ab0e6-e074-4ad7-b912-4c2c2d6713ca,Blood platelets in stored blood do not remain functional after hrs. -,A,A,A. 24,True,
48ed7128-2b0d-4cf5-861c-534a11bbc4c3,Immune complex deposition is the basic underlying pathology in which type of hypersensitivity reaction?,C,C,C. Type 3,True,
18b45e73-0c4b-4731-bd08-35c796f19973,Langerhan's cells are:,B,B,B. Antigen presenting cells,True,
88309de8-4667-47b7-a6a6-ee27425397ec,Probability =,B,A,A. Odds / (1,False,
7ddae0eb-eab3-4913-833f-e3bd46a8f467,Which of the following enzymes are involved in bone formation?,C,A,A. Alkaline phosphat,False,
f8edf300-965d-4038-95bb-6eae10b767a9,Cell fusion of HIV with target cell is done by -,B,A,A. gp 120,False,
d6ce5164-63ad-4c59-b1ba-66fd95f95685,"A 36 year old female with symptoms of hyperparathyroidism, tumor in pancreas, adrenal coical hyperplasia, pituitary adenomas, islet cell tumor with cutaneous angiofibromas. What is the diagnosis ?",A,A,A. MEN1,True,
0589c948-5949-407f-b3f8-440b14f2fb51,"A 58-year-old male patient presents with halitosis, mild dysphagia and regurgitation of previous day food. On radiological examination this is the presentation of the patient, where is the location of this presentation?",D,A,A. Anterior segment of the es,False,
64b1607b-adc4-404f-9640-b54bbfaf83c1,Best method to visualize the proximal bile duct is by:,A,C,C. ERCP,False,
b1e63cf8-6646-4939-af80-1780eddc19f9,Procedure of choice in a woman with 12 weeks pregnancy and atypical pap smear is :,D,D,D. Colposcopy,True,
4d421150-8f6d-4c36-bfc9-faa1789c8d42,Thalassemia gives protection against-,C,C,C. Malaria,True,
2c14bec0-2cbe-4ebb-ade4-b5a32b628b2f,Ligamentum teres is formed after,A,A,A. Obliteration of the,True,
c4e26c94-47a1-4a4a-b88c-bd1ad8065602,Drug of choice for ventricular premature beats (VPC) due to digitalis toxicity is:,A,C,C. Amiodarone,False,
b1edee1a-41b9-4031-ae52-29492dd95f0c,Which of the following can be the principle modality of choice for evaluating lungs of a young patient with suspected alpha1 antitrypsin deficiency?,C,C,C. HRCT,True,
6af1d981-2ef3-467a-84dd-fcb7383cb128,Which of these is not included in parenteral therapy?,B,A,A. Carbohydrates,False,
23b5a8c1-2b14-4f45-80b1-db58ce93c2b7,Dalen fuch's nodule is seen in:,A,A,A. Sympathetic ophthalmit,True,
8c5fb106-37f5-4283-ad51-9de4040418ea,An electrode of a cochlear implant is placed in,C,B,B. Scala media,False,
a5458a76-1caa-4c72-9c3f-e945445060d8,Internal carotid aery develops from?,A,C,C. 4th aoic arch,False,
ee443feb-cd15-4ea2-99a1-f62f2cd8d503,MC cause of diarrhea in children of developing country' is -,B,A,A. EHEC,False,
4b651e5a-cdae-48c7-b9d6-1048054cea0f,The treatment of choice for an 8 mm retained common bile duct (CBD) stone is:,C,C,C. Endoscopic stone extr,True,
b8f461e0-bbbb-43cc-8a1f-7c8319481cd6,Fibrous scar in myocardial infection in well established by -,A,B,B. 6 months,False,
3592d60d-232d-4ad1-a9eb-a4b350482dde,Most common dose related side effects of salbutamol?,D,A,A. Nervousness,False,
006a38bb-87d8-4e3c-9b49-16e0da306b23,"After removal of the parotid gland, patient is having sweating on the cheeks while eating. The nerve involved in this phenomenon",B,B,B. Auriculotemporal,True,
4faa2d05-9508-4db7-b7f3-054c68ed30f6,Which of the following is an example of learned tolerance?,C,D,D. not driving when drunk,False,
77cbc6ea-5a2a-4d8a-8220-ac5846fa0c07,A lady presented with a 4 cm tumor in the left parietal lobe for which she underwent surgery and radiotherapy. After 3 months she presented with headache and vomiting. Which of the following would characterise the lesion in the patient?,D,A,A. Gd-enhanced M,False,
af829c9a-4b18-439d-96c6-6fadcf075b43,Endodontic therapy is contraindicated for a single-rooted tooth that has:,C,C,C. A vertical fracture of the,True,
f772a81d-0da3-40ae-b5ac-80dc7caa1113,Immunoglobulins used in Rx of,A,A,A. Myasthenia gravis,True,
b238baaa-c633-4ded-8ba3-8e2b39fba1af,Which of the following ophthalmologic condition shows 'vossius ring' during examination?,C,D,D. Angle closure glaucom,False,
bf11aeec-d568-4379-9b49-d5b074f1e3f6,Delirium tremens is characterized by confusion associated with -,A,A,A. Autonomic hyperactivity and,True,
f4afed71-c767-4074-9458-f2dca8bc1e59,"A 27-year-old man develops acute pain and swelling of the left knee 5 days after an episode of urethritis. On physical examination, the left knee is swollen, warm, and tender to the touch. No other joints are affected. Laboratory examination of fluid aspirated from the left knee joint shows numerous neutrophils. A Gram stain of the fluid shows with gram-negative intracellular diplococci. No crystals are seen. Which of the following infectious agents is most likely responsible for his condition?",C,C,C. Neisseria gon,True,
5b7fd236-baa3-46a8-af8d-05473f413a1f,To prevent Yellow Fever Aedes aegypti index should be less than?,B,A,A. 0.50%,False,
effa57b7-4926-48f1-afe5-c94a5a14c3e0,"3-D's are associated with: March 2013 (a, b, e, f)",D,A,A. Rickets,False,
e223f9ff-4830-425d-8ca0-c540bf7fe32d,The predominant colonic bacteria are,B,B,B. Largely anaer,True,
7d6db09d-7fe4-4c7c-a8b0-6ac5aa1b7ea4,Prostaglandin useful for the prevention of duodenal ulcer is :,B,B,B. Misoprostol,True,
50cc1bf6-73ed-4d09-a7a4-b815d2786c7b,Most efficient antigen presenting cell in the skin -,C,A,A. Dendritic cell,False,
e25562d3-d302-4b6c-9109-0b8600bd74e2,The highest incidence of gestational trophoblastic disease is in:,A,D,D. Western Europe,False,
b751c4e9-f948-48a9-bc8f-acc3bd1c91ca,As regard the PCOS and hyperinsulinaemia:a) Hyperinsulinaemia is observed in about 40% to 5O% of women with PCOSb) Hyperinsulinaemia stimulates hepatic synthesis of SHBGc) Metformin causes hypoglycaemia in normo-glycaemic womend) Metformin has many other health benefits,D,A,A. b,False,
b78b8e38-659b-4841-8cba-a736ff8e11ae,A patient with leprosy presents with clumsiness of hand. His ulnar nerve is affected. Clumsiness is due to palsy of which muscle -,D,A,A. Extensor carpi uln,False,
6fa00a3c-9e09-424d-bcac-edc794659642,"If in a locality API is more than 2, the following is done –",B,A,A. 2 round of DDT,False,
6377fadb-b103-465b-a583-3e8b813d483e,Release of proenzymes from the pancreatic acinar cells is accomplished by which of the following processes?,A,A,A. Exocytosis,True,
124b562c-d30b-46a6-8643-593feab3aa88,Which of the following are intracellular -a) Virusb) Chlamydiac) Mycoplasmad) Rickettsia,C,D,D. ab,False,
a99db976-4464-4d7a-bf49-80f28a66f395,What is the strength of shock given to below victim of cardiac arrest with shockable rhythm:,A,D,D. 300 J Syn,False,
705ca21c-cca2-4305-990b-2232503d6577,"After an overnight fasting, levels of glucose transpoers are reduced in which of the following cell?",C,B,B. Hepatocytes,False,
85543a5e-b685-454a-bd57-74e56f44c555,Agoraphobia is -,B,B,B. Fear of crowds,True,
f9e245ae-ecf4-4ae0-867b-c1c46db04eae,Most common bone secondaries from,B,A,A. Carcinoma kidney,False,
7545b345-e240-42f7-ba6e-ca431004d5b2,Which of the following is not related to the menstrual cycle?,B,D,D. Endometrial sampling,False,
e634e804-c0f4-433f-9009-2d309c3e01a1,Ilio femoral ligament arise from:,D,A,A. Ischial tuberosity,False,
c3508c00-2668-40aa-8e00-14d5c9b5e2eb,"A 70 kg farmer consumes 56g proteins, 60g lipids and 270g carbohydrates. He is consuming",A,B,B. Adequate calories,False,
9c71871e-dc28-4b24-bc76-ae68b3c6b9f6,Main function of B HCG:,A,A,A. Maintain corpus l,True,
67d41bbc-4751-4ad0-8364-6cd7c4fec35a,Which among the following acts as the intermediate host for T. Saginata?,B,B,B. Cow,True,
df0430eb-7099-425c-a916-6af855a11818,Composition of which of the following intravenous fluids has the closest resemblance to plasma ?,D,A,A. Isotonic saline,False,
e6bbdc0e-4461-49c9-ad07-8a650c67e8c4,Rose spot is associated with,A,C,C. Scarlet fever,False,
82ad172e-491a-4fc0-bed0-30e21b4dcf33,Tubal ligation is repoed to have DECREASED the risk of?,B,B,B. Ovarian cancer,True,
f8ce69df-6e02-4d63-a422-52bf0a54bdf0,Stage-II testicular teratoma is treated by,A,A,A. Orchidectomy +,True,
c7fc1fb8-0dd1-4543-a662-b45a6a5795ff,Criminal negligence is punishable under -,C,A,A. 306 IPC,False,
b0e16a06-0afc-4a2b-9b9c-5fa374af0765,The most specific marker of renal function is -,D,A,A. Creatinine clearance,False,
c6fc21ba-7ada-40a0-a836-98d0837caa17,The psychiatric disorder that has been found to be associated with PANDAS is :,A,A,A. OCD,True,
3c3f134f-854d-4769-9d64-7580db7c4836,Venous spread in carcinoma rectum reaches to the following structure,C,C,C. Liver,True,
d12fc40b-c2db-418b-b068-7b373b630631,Melon seed bodies are found in which of the following condition?,C,A,A. Chondrocalcinosis,False,
c9a80c46-a310-4028-8cd1-20e8e661715d,RMP of nerve cell is equal to which ion&;s equilibrium potential?,B,A,A. K+,False,
75aaac59-cabc-435c-b38b-f4eb83ab1837,Which is not a fungus -,A,D,D. Candidiasis,False,
0880bd5d-2e67-40f6-bebe-697ad263c296,Injectable tetanus toxoid is an example of: September 2006,B,B,B. Active immunity,True,
30a04595-8793-4759-bfca-f128b2710bc3,Left lobe of the brain is responsible for,D,B,B. Spatial orientation,False,
f40a0557-4ee1-4db1-82fb-7e826b6b1f63,Tuberculin conversion index is a measure of -,C,B,B. Prevalence of case,False,
b08fc93a-45e2-4495-be71-b81a76f6ef37,"The primary difference between MTA and Portland cement is that, MTA",A,A,A. Lacks potassium,True,
4b87dc75-8847-4799-86a7-2c8d27d32c9c,Aspermia is the term used to describe,A,B,B. Absence of sperm in,False,
64b2d33a-eabb-4fdb-a3fd-8645071125b2,Which of the following is not a common manifestation of congenital Rubella -,C,D,D. Mental retardation,False,
59cad25a-52e2-44ff-a047-76bc79089a0b,Which of the following is a dorsal ramus of a spinal nerve?,D,D,D. Greater occipital nerve,True,
aa1d70b5-7bd5-4614-876d-dbf09a6a8672,Which one is not poor prognostic factor for acute Pancreatitis -,D,D,D. Hyperamylasem,True,
d4256a20-6429-4cb0-ade9-01cd803b88a8,Parathormone is useful in which of the following?,A,C,C. Osteoporosis,False,
bd9eaeaf-ce2f-43ed-9b6b-6dc4923d7526,Type of Growth Charts used by Anganwadi workers (ICDS) for growth monitoring,A,C,C. MRGS,False,
9c4f55e5-a588-40e3-be24-a823545ec697,Which of the followig is a derivative of otic capsule?,C,D,D. Ossicles,False,
2f6e178e-5e42-472e-a0df-2116fc458e02,Isotope for thyroid scaning – a) I129b) I131c) Technetium99d)  Selenium,A,A,A. bc,True,
bd2080e7-ab89-41d4-a6d8-3eb214c64f20,CSF findings in a patient with tubercular meningitis: March 2012,C,A,"A. Raised protein, normal",False,
05e1f46a-982f-4751-9d60-8e89efd79f4e,Rigor mois in fetus at bih can be seen in ?,A,B,B. Still born,False,
7ab09739-4b6e-488e-a9cd-657a1d869ddd,A pregnant woman presents with red degeneration of fibroid; Management is:,B,A,A. Myomectomy,False,
c9fd662b-bddc-4a4e-9c14-84a05b7b323e,"Two siblings with ostegenesis imperfect, but their parents are normal. Mechanism of inheritance Is",C,D,D. New mutation,False,
23c51c99-169c-430f-bef4-2aad21ddbf61,Filgrastim is used for the treatment of :,A,A,A. Neutropenia,True,
67fab751-2f4b-4a36-b78c-77d5d008568f,Drug causing hypercoagulability is -,A,B,B. Busulfan,False,
1955f988-e6ad-4ce1-bbd7-42b84824adc1,"In depression, there is a deficiency in",A,A,A. 5-HT,True,
2e6bb7a8-f219-4705-84eb-c0bf5e23751f,Narrowest pa of respiratory tract in adult is:,B,D,D. Subglottis,False,
49a48a6b-a3fc-45c2-9af1-f220b5866f83,A 56-year-old woman presents with word-finding difficulty and hand weakness for 1 hour. ECG was done to find cause of TIA. ECG shows?,A,D,D. Multi-focal atrial,False,
ea91a0ae-1032-463e-b039-9c1c0e5538b4,Amino acid connot be used for glycogen synthesis,C,D,D. Methionine,False,
af99b47d-734a-4e6b-9c01-84a338c63893,Vector for Kala-azar-,C,B,B. Tsetse fly,False,
9c350cb2-2a64-48a1-830c-e0109493d9f3,Under-running may involve:,C,A,A. Crush injury abdomen,False,
f6b93239-5431-456a-9850-fbf5801dde16,Brain death is defined as loss of: March 2005,B,B,B. Brain stem functions,True,
28bebe6e-fe69-4ddc-88d9-b973a37a549c,The single most important predictor of survival in multiple myeloma,D,D,D. Serum b2-m,True,
51a8e99e-a97e-4bb5-be4d-9780a854de60,Laryngofissure is,A,A,A. Opening the larynx,True,
43143266-47fb-418a-a516-bb5c6660efef,In HIV number of helper T-4 cells (CD4) will be less than,A,A,A. 200,True,
a73b56db-a712-42b9-a8ef-037ef08423e1,Sweaty feet odor is seen in,C,A,A. Maple syrup urine,False,
c7578ded-efc3-4529-aae4-5a3542e6df82,TNM staging does not include which of the following:,B,B,B. Tumour site,True,
c836f213-8fad-4947-bbc1-4efd2e3cee0e,A gastric ulcer is said to be refractory when it fails to heal after therapy for:,C,C,C. 12 weeks,True,
e73848fa-8f45-4725-be6c-60b1d28f059d,"A 25-year-old woman sustains a deep, open laceration over her right forearm in a motorcycle accident. The wound is cleaned and sutured. During the next 3 months, the wound heals with formation of a linear scar. Which of the following nutritional factors is required for proper collagen assembly in the scar tissue of the patient?",D,C,C. Vitamin A,False,
b70d1f0d-6636-4043-b9d1-127b0cdd701d,A 65 yr old man is presenting with chronic cigarette cough which has recently changed its character. Tuberculosis and other infectious causes have been ruled out. What should be the next investigation:,B,B,B. Bronchoscopy and biops,True,
852c88cd-67be-4694-9a7b-dcc5542d774b,Common salt can be used as a chemical antidote for washing the stomach in case of oral poisoning by,B,B,B. Silver nitrate,True,
8717dd84-6cc7-49df-9b88-b42649d5b8de,Which of the following are intracellular events occurring in fibroblast during synthesis of collagen-,C,C,C. Formation of triple helix,True,
4f9f2f53-0372-4c96-9fb9-d365d7eef82f,"A sound which is most affected in patient of Class III
malocclusion?",D,C,C. Linguoalveolar,False,
3d3d7797-1566-4a99-a5ef-b28e487c5fa2,ETDRS vision cha study is done in patients with diabetic retinopathy. ETDRS stands for:,D,A,A. Extended therapy for diabetic,False,
3785d1f0-2e87-46d7-bd71-fdd7cee4a5cd,Commonest site of ischemic colitis,B,D,D. Sigmoid colon,False,
8c33d901-6427-498c-9b44-e13b9bfa8c79,Condition which does not cause metabolic acidosis:,D,D,D. Pyloric stenosis,True,
139cf53d-b152-4bcf-b1b4-df249a0932d1,Drug of choice for trigeminal neuralgia is?,B,B,B. Carbamezapine,True,
5dedb3e5-cc8b-4492-8a4d-caa794e62446,Paradoxical Aciduria is seen -,A,A,A. Congenital Hypertro,True,
d633373d-4f1b-4a84-9517-2b5c732901dc,"In the life cycle of a protein, stages 2,5 and 9 represent?",B,A,"A. Synthesis, Processing",False,
490fc00e-0dda-41b4-81fb-1d4bb7426ae4,"Glasgow coma scale of a patient with head injury. He is confused, able to localize on right side and does flexion on left side and opens eye for painful stimuli on sternum.",B,D,D. 7,False,
40295253-7be8-4bfd-96ac-12c2d7b84fcf,"A man taking 20 cigarettes per day, staed coughing, his family suggested quitting cigarettes. He is ready to quit but think that quitting will make him irritable, the best health planning model followed is:",C,C,C. Precontemplation and preparation,True,
686fef53-ea75-40b8-8db5-ac9552564e43,The impoant fatty acid present in breast milk which is impoant for growth is -,A,A,A. Docosahexaenoe,True,
a0ec95d2-f77b-4aa4-8655-74f8e328b12f,A primigravida female presented with erythematous skin changes and lesions with multiple pus lakes. Which of the following should be the most appropriate –,A,D,D. PUVA,False,
c800740e-b10a-4214-8436-cebd595e9b5b,The type of arteritis which may lead to myocardial infarction in children is -,A,A,A. Kawasaki disease,True,
ecd9ac10-ff62-438c-a41c-93c565e5ab5a,Most effective bactericidal system within phagocytes is:,C,C,C. Reactive oxygen metabolite,True,
e1a1e2b1-8f53-436a-b694-b00a604355b8,Area under Normal curve with +-1 SD:,A,A,A. 0.68,True,
8c5d3425-9bf9-4626-9248-2c4553e9eb82,"In 2013, which country is not polio endemic?",C,D,D. Nigeria,False,
dffc5533-7599-4a59-bc4f-1117097ec841,"A female has episodic, recurrent headache in left hemicranium with nausea and parasthesia on right upper and lower limbs is most probably suffering from",A,A,A. Migraine,True,
b326349f-be05-4904-ad6e-b661620f54e8,A 65yr old male with his of Diabetes and HTN presents Ito OPD with complaints of diplopia and squint on examination secondary detion is seen to be more than primary detion Which of the following is the most probable diagnosis,A,A,A. Paralytic squint,True,
d7240162-69ac-458c-9aab-371270bf62d7,Omalizumab is administered in bronchial asthma by which route?,C,D,D. Aerosol,False,
57dde892-460e-4748-a06b-c9cec3f847aa,Which of the following does not include height?,B,B,B. Gomez classification,True,
6d09f3ce-e376-4603-ade7-707087d89550,The most diagnostic sign of pregnancy is :,C,A,A. Amenorrhoea,False,
f7e9f0fb-a248-447a-ad30-80b9c82b2c54,A 43 - year - old lady presents with colicky right upper quadrant pain which radiates to right shoulder and is exacerbated by eating fatty foods. Which of the following radiological investigations should you request first ?,A,D,D. Magnetic resonance chol,False,
74cb3969-53b3-4e74-b3ab-8f4f7bcc78bd,A patient presents with hematuria of several days and dysmorphic RBC casts in urine. The site of origin is:,A,A,A. Kidney,True,
a304f21a-ba8b-4cf8-8178-dc3544385bec,Total number of teeth present at the age of 12 is:,C,B,B. 20,False,
a32bfccd-add0-4ea5-9236-344b5fee5666,Most common complication of coeliac plexus block ?,A,A,A. Hypotension,True,
4fa2db4b-7a40-498a-b83a-3f4947bb03e0,Under which level of prevention should sentinel surveillance be categorised -,C,B,B. Primary prevention,False,
8da237a1-406a-4737-a00b-3d1dad82d9a6,Which of the following is a chemokine?,B,B,B. IL-8,True,
c923b654-47a8-43bd-b4d5-f8edb794d57d,Heart block is seen in -,A,B,B. Hypomagnesem,False,
58eb9995-3a8a-4c6a-9c36-c06d1bf10e02,Other name of AST: (PGMEE 2009),A,A,A. SGOT,True,
cd6dc678-0c29-4ac7-ab65-24995db742cc,Not a contributing factors for ANUG,D,A,A. Pericoronal flap,False,
f46b462e-d2a5-4e6b-ba14-44f92422037d,Time between first possible point of diagnosis to final critical point of disease is -,C,B,B. Lead time,False,
cf41cc54-5cfd-4a77-97c4-704950188b85,Which is not a feature of Edwards' syndrome?,C,A,A. Mental retardation,False,
c16cdad2-5c6a-4ad6-b54c-14ec18cb83df,Nikoisky sign is seen in,D,C,C. Meningococci infection,False,
b69ba3b2-6351-4367-9a9d-b29881163a21,Which of the following is not included in clean delivery practices to prevent neonatal tetanus under Janani Suraksha Yojana?,C,D,D. Clean delivery place,False,
ae8e864d-3b33-4585-9b33-c315fc9aa66b,Ayushman Bharat is,B,B,B. Health protection scheme,True,
fb77e235-8ed6-4c43-a49d-d571f0842e37,Which of the following intravenous induction agent suppress steroidogenesis?,D,D,D. Etomidate,True,
bc2e0345-620e-49e9-96f4-549e39f27ffe,"Heavy smoker for elective hernia repair, smoking should be stopped before how much period?",D,D,D. 6-8 weeks,True,
0a701107-c733-4ea3-9c3f-f9fc1a5bbf8d,The following illustration of the Spirogram showing the arrow indicates,C,D,D. Total lung capacity,False,
10a755a7-852c-4e64-940b-11ad3c51385a,Which of the following is associated with Renal Papillary Necrosis,A,A,A. Alcohol,True,
816998f5-d9fd-4593-9b50-8e1753919a13,Which drug is not metabolised by acetylation?,C,D,D. Metoclopramide,False,
4fa12bfc-2e7f-4502-802e-3f2309eb958b,The commonest side effect of lens implant surgery is:,C,A,A. Vitreous haemorr,False,
4621943f-a363-4adc-8d4f-db9bad2ef1f8,Not under flexor retinaculum -,B,A,A. Median nerve,False,
65e500f1-1c49-47f7-9533-c1855dfe6e71,Hard palate contains:,A,A,"A. Keratinized, submuc",True,
662c90ea-34e3-4a0d-b951-a5a55ae4c822,Multiple Liver secondaries are most following persons ?,A,D,D. Sho and shunted,False,
80ff6ac6-70c7-4b5d-9600-1f9ae72fae47,Adequate oxygen is delivered to the tissues in,D,A,A. Hypoxic hypox,False,
0a1a1883-fd3f-4e40-bc01-a45dec402afb,The values given are black and white without a paicular structure. Which is the scale used in classification?,B,B,B. Nominal,True,
4be0f2a5-5c09-455a-85f2-c4534743a7ca,Which of the following inhibits the activity of acetyl-CoA carboxylase?,B,D,D. Insulin,False,
acfeb64c-107f-4e44-9393-e4b05b7b9521,Which of the following is the most likely explanation for the dental abnormalities in bulimia nervosa (BN)?,B,B,B. self-induced vomiting,True,
c5b3a14a-e4b8-4302-a59f-4fa1939652ae,Which of the following drugs should be given in sustained release oral dosage form?,D,A,A.,False,
368e107e-e899-470d-aabf-297552985b51,P wave is due to:,A,A,A. Atrial depolarization,True,
812d39be-2fe8-43b5-8626-9a2005b9f827,What is the earliest sign of volume overload immediate after an operative procedure?,A,D,D. Distended neck veins,False,
221657a0-71b8-4e1d-980b-9f70539e7295,"A young female came to surgery OPD with bilateral breast mass. On examination, mass was firm and mobile. What is the diagnosis on the basis of findings",B,B,B. Fibroadenoma,True,
a574b61e-7439-4015-b197-05ccdf3c3369,"A 5-day-old term male neonate presents with delayed passage of meconium, abdominal distension and bilious vomiting. Barium enema and intestinal biopsy findings are shown below: What is the diagnosis?",A,A,A. Congenital agangl,True,
9778e4a5-a65f-42bd-8b55-62da73c31ce8,The umbilical aeries get obliterated to form which of the following structure?,D,B,B. Medial umbilical,False,
482604d6-5dfa-4c19-9824-030b9aa9a46c,Dangerous type of Herpes virus -,D,B,B. Cytomegalo virus,False,
0fe4c348-ea07-4893-836e-83b4fccf6b45,Which of the following is not a cause of glomerular proteinuria?,C,D,D. Nil Lesion,False,
74f807d4-a22e-4123-8a0d-86f5bb4d7a04,Multiple strictures in intenstine are found in -,A,C,C. Ulcerative colitis,False,
588513c5-4407-4cfa-8b1e-d2b3776fbcfb,Which of the following is defective in renal glycosuria:,D,D,D. SGLT- 2,True,
ef343d20-f84f-45ea-9fcc-9b62cd85abe3,Patients with bilateral CDH walk with the following git,A,A,A. Waddling,True,
8fe0779a-a89f-4bb8-ba8a-2c90978cead9,Bactericidal inhibitors of protein synthesis are :,B,B,B. Aminoglycosides,True,
9ad94f54-152d-47d2-93e4-b3b6c7bb2e02,A 40 year old woman had undergone surgical ileal resection due to perforation caused by severe Crohn's disease. Which of the following physiological change occurs now?,D,A,A. A decrease in absorption of am,False,
bf5edf9a-bce4-43fd-a4e8-0bb5f7535f03,"In alopecia areata, seen is:",A,A,A. Exclamatory mark hair,True,
e5e3423c-e9e3-4d70-904f-fd4da7ba08dd,Pencil in cup deformity is seen in ?,D,A,A. Rheumatoid arth,False,
b5d46835-a0fc-4746-bb43-45288f20a759,Which of the following periapical conditions is often associated with a vital pulp?,C,D,D. Chronic apical periodont,False,
e9dd861a-a3ff-440f-9c96-ccd8022f4e77,Which does not act as 2nd messenger?,B,C,C. Diacyl glycer,False,
f62bb5df-2273-494a-a7a0-e98bb9164a15,Soft tissue calcification around the knee is seen in,D,C,C. Hyperparathyroid,False,
65319b70-54dd-40c1-a7de-f6f31c8b9086,Which Substance does not cross the blood-brain barrier?,A,B,B. Urea,False,
50bc1776-3b10-4a19-b41a-b79c2f4a2c88,Claustrophobia means :,C,C,C. Fear of closed spaces,True,
c167d971-b73c-4c1f-9b33-7d2d4faa5bae,Treatment of carcinoma cervix stage I in a 47 year old lady is :,C,D,D. Cone biopsy,False,
ca3db324-e688-47cd-b93a-7c34dcb37aea,Which enzyme catalyses substrate level phosphorylation in Kreb's cycle?,B,A,A. ∝ Ket,False,
6d9a168e-bdac-440b-92bf-201164227fb1,The first epiphyseal centers appears in(6-G),A,A,A. Oscalcis,True,
f9849b92-e069-4f4d-8d70-2866b9b8c191,A 60-year-old woman visits the ophthalmologist because of eye pain. Tests show that her right eye has an intraocular pressure of 22 mm Hg and her left eye has an intraocular pressure of 25 mm Hg. Which of the following is the most likely cause of eye pain in this woman?,C,A,A. Decreased hydraul,False,
61f4e6cd-249b-4a7a-ac44-88a57587136d,Suicidal tendencies are least common with-,D,A,A. Alone,False,
4900f089-dd04-42d5-9e50-8ef81151a063,Reversible pulpits is,D,D,D. Reacts to electric pulp,True,
e942ee76-b458-49ab-ae94-7a73d2091ccf,"A 5-yrs-old girl presents with a several day history of localized swelling in the right side of her neck. There is no recent history of sore throat. Physical examination finds a low-grade fever, and one very tender, firm, slightly enlarged lymph node is palpated in the right cervical region. A CBC reveals a mild leukocytosis. A fine needle aspiration of the lymph node reveals scattered neutrophils. Which of the following is the most likely diagnosis?",A,A,A. Bacterial lymph,True,
d58a3ba0-22ba-4f64-8973-dc64d1eec457,Which of the following does not lead to chronic liver disease?,A,B,B. EBV,False,
0c6e0b02-a68b-427d-b7f0-971153e363e2,"Atrophy of intrinsic muscles of hand, sensory deficit on medial side of forearm and hand, and diminished radial pulse on turning the head on the affected side could be because of :",B,A,A. Carpal tunnel syndrome,False,
8885409b-7834-4366-a05b-6573f93602bf,Malignant melanoma of the choroid with following histopathological features has got the worst prognosis:,A,C,C. Spindle - B mel,False,
b26b5812-01b6-45f3-a592-812305032b8a,Nasoantral Window to access maxillary sinus is done through?,C,A,A. Superior meatus of nose,False,
4ed382fc-c8d7-497e-abeb-16d769b2bf63,Least affected organ in arterial thromboembolism is?,A,C,C. Heart,False,
3705cdad-eb7d-4820-972f-c770bfc8aa97,Fourth generation of apex locator are based on which principle,D,B,B. Impedance based,False,
3b694ada-ff22-455d-84a9-353b7a240a67,Typical finding in cardiac tamponade:,A,A,A. Absent 'Y' descent,True,
e01fb9db-8ab6-4627-ad5e-2886716b5fdf,DSM-IV TR classification of psychiatric disorders as proposed a multiple axis system for person with psychiatric illness. Medical disorders were classified in which axis?,C,D,D. IV,False,
1a6d5cce-9a6d-43cc-927f-f8f0064de127,"Fracture treatment can be described as:
a. Reduction
b. Retention
c. Rehabilitation
d. Reunion.",A,C,"C. A, B, D",False,
5803ca6c-4b83-42d6-868a-2ecf7ee39dc8,Major contribution towards gluconeogenesis is by?,D,A,A. Lactate,False,
6e94f80d-23e7-4eb2-861b-2537ad93abc2,Forensic Identification utilizes,A,A,A. Lip prints,True,
871902d6-eef9-4498-b3da-821628b51565,Regarding Fordyce spots – a) Represent internal malignancyb) Ectopic sebaceous glandsc) Present in axillaed) Found in healthy peoplee) Are erythematous,C,D,D. ac,False,
aa1c6808-490b-4f14-bea3-166204b191a3,"Final common pathway of metabolism of carbohydrate, lipids and protein metabolism is?",C,C,C. TCA,True,
023fea31-e560-4303-8c07-81b4165e52ac,Which of the following in not a cause of death due to suffocation,D,D,D. Throttling,True,
fe91f758-fb83-4854-a82b-f42fac6d462a,Left homonymous hemianopia is seen in which right-sided lesion?,A,C,C. Optic chiasma,False,
b39102b7-d2e2-4fc1-849c-f42b9da1b0a8,Bochdaleck hernia location:,A,A,A. Posterolateral,True,
842e75c6-b69f-4c84-a5f6-f9254e06225c,Confocal scanning laser ophthalmoscope uses -,B,B,B. Diode laser,True,
62ce418f-9f4b-4377-88f8-0c48007972d3,Doctor who did surgery on wrong side of the patient is punishable under section -,A,D,D. S. 305,False,
8b8e0596-2118-45f4-965f-203299ab9c93,Laminin is present in -,A,A,A. Basement membrane,True,
8b409a5a-975f-44ff-a337-3c71fbe7c44d,Anti thyrogiobulin antibodies seen in -,A,A,A. Hashimoto thyroiditis,True,
91881bf4-ff28-4fa8-bf65-2ea1b0443738,Which of the following is seen in acute congestive glaucoma -,B,A,A. Constricted pupil,False,
837376a3-065c-441c-95c0-cb56f918c9b1,Pneumothorax is a complication of,B,A,A. Axillary block,False,
aa426e65-4223-40ca-a4f1-fe55da76f63c,Granulomatous lung disease is caused by?,A,D,D. Bronchogenic cyst,False,
940fbc61-0a2d-4271-8031-b40d6d71f27c,"When in labor, a diagnosis of occipitoposterior presentation is made. The most appropriate management would be:",B,B,B. Wait and watch for progress of,True,
da6327a2-d9fe-4492-ad82-c040801789db,Doughnut granuloma is a finding of :-,B,D,D. Ehrlichiosis,False,
5ef0b4bb-e778-4082-85eb-ee5a1c17e2f7,Misoprostol is an analogue of?,A,A,A. PGE,True,
c07cd135-1e41-4fbf-8c33-53d0cb6ac4e9,"In revised guideline for Behcet's disease, which criterion carries 2 points?",A,A,A. Ocular lesions,True,
a61d5ac5-d532-445f-ae0f-9592ac1f453a,Most common cause of neonatal diarrhea worldwide is:,A,A,A. Rotavirus,True,
af5dd0eb-cdcc-4f38-8a63-a581e327d8d7,Following FISH technique depicts?,C,C,C. Translocation,True,
c4c228ad-76f5-4927-bb73-fd8f8e6108d9,Visual acuity of 6/60 is classified as,B,B,B. Low vision,True,
5d54599c-ed4c-4cbf-bba6-09f9721ddc30,Blue sclera is feature of -,A,A,A. Osteogenesis imperfect,True,
2502b88e-a5d2-4015-93c4-303cb4cdc3e8,Which of the following cements is most kind to pulp?,B,A,A. Glass ionomer,False,
bdf5152c-8347-4d78-a96d-4f34787c8e8d,Fracture of shaft of humerus leads to:,A,A,A. Radial nerve injury,True,
1394495d-4ca3-4226-b3d2-7b378c33eb84,Mrs Neena noted abdominal mass in left side of her 6 month old child which showed calcification near the left kidney. What will be the cause ?,B,B,B. Neuroblastoma,True,
4ed08f9a-42ec-4a16-88d5-6f7cc8d88a27,Which vaccine cannot be used in adults?,C,D,D. Pneumococcal,False,
c5b9e962-aa53-45f8-8d00-bb3aa8ab2011,Microanuerysms in diabetic retinopathy is present in,A,C,C. Inner plexiform layer,False,
002bd852-d617-4211-8c34-63c64161f35f,Which of the following agents is recommended for medical treatment of variceal bleed?,A,B,B. Desmopressin,False,
52a23032-9f45-4457-9d76-7acedbcc4f96,Golgi apparatus can be marked by,C,A,A. Peroxidase,False,
8e158cb8-da59-45fd-a99d-f3f036002649,Following hemorrhoidectomy the most common complication is:,B,A,A. Bleeding,False,
27f8246c-3d5b-4bfb-8764-f904e7d9c43c,Which of the following terms best describes a drug that blocks the action of adrenaline at its receptors by occupying those receptors without activating them?,A,B,B. Non competitive antagonist,False,
1b565c4f-42e3-4b5b-add7-84ffbaa959ed,"A child climb stairs at: March 2013 (b, c, e, h)",C,B,B. 12 months,False,
816055af-7780-4536-a99b-2461d0e40282,"In the right middle ear pathology, Weber&;s test will be",C,C,C. Lateralized to right side,True,
c667b5e7-c3eb-4392-a026-80417e066514,DOC in esophageal candidiasis in HIV-,A,A,A. Fluconazole,True,
b111f987-19fc-452c-b3d8-89db873f62f8,"According to Spetzler Martin Grading System for AV malformations, the score of a AV malformation of size 3-6 mm with deep venous drainage and location near internal capsule is",D,C,C. 4,False,
189448d7-5b0b-4329-a5ed-54a7c5f080ff,A 30 year old patient of schizophrenia on antipsychotics presents with amenorrhea and galactorrhea. Which of the following antipsychotic should she be shifted to:-,D,B,B. Olanzapine,False,
805b55ea-dffa-469c-9bb9-157d4c8cb99a,Restrictive cardiomyopathy is not associated with?,A,D,D. Sarcoidosis,False,
fca9656c-a6a2-4055-b244-9dcc23704f94,Rocky mountain spotted fever is caused by-,A,A,A. Rrickettsii,True,
a3d6bcf5-fd04-4eca-b6d9-7d896e973144,The indication for ECT is -,C,C,C. Severe depression,True,
aac96543-91b2-485d-a5c6-8824e2f21a5f,Base of hea is formed by,D,D,D. RA + LA,True,
091ec08e-4ff4-4509-9559-e44029ac6af2,Magnan's syndrome is associated with: WB 09; BHU 09; MP 11; AFMC 12; NEET 14,A,C,C. Snake bite,False,
5691a911-284c-43de-8bab-105d2b9c1c81,Which muscle is inserted into the floor of the intertubercular sulcus of the humerus?,A,A,A. Latissimus dors,True,
3a4924cf-c71b-4501-9741-739a882e42b9,'Brush burn' is,A,A,A. An abrasion,True,
173d0f3c-84a7-4c58-a298-41a1fde943ee,Heparin inhibits Xa by,B,A,A. Blocking vitamin K medi,False,
307720e9-7976-4b61-9fae-179d13d92ad8,Purest water is,B,B,B. Rain water,True,
80a17f58-b459-4051-a648-db6b4e5356a6,Immunoglobulin implicated in atopy and anaphylaxis is:,A,A,A. IgE,True,
8b0ca2a0-cfdf-468d-a5d1-a5bcfd2bc0c5,A patient presented with ahritis and purpura. Laboratory examination showed monoclonal and polyclonal cryoglobulins. Histopathology showed deposits of cryoglobulins around the vessels. The patient should be tested for which of the following,B,A,A. HBV,False,
fef55372-dcde-4cb2-bbb7-546c6c8faf0f,Charcot's joint seen in A/E -,A,D,D. Arnold-chiari malformation,False,
6727d45c-4f29-4459-acc2-cded534e3d5f,Air embolism is best diagnosed by?,C,C,C. Doppler study,True,
515bd4c5-94e1-4a01-aacf-e8695df11cbc,How many number of keratinocytes per melanocyte form an epidermal melanin unit?,C,A,A. 32,False,
e326be5f-66e8-4098-87a8-e48787354b09,"""Pile of plates"" appearance on angiography suggests diagnosis of",B,D,D. Moya Moya disease,False,
2b4b6a70-7f52-4385-a65d-16b87b28beda,Thierch graft consists of,C,C,C. Epidermis and variable,True,
b29e0051-1088-445e-a734-25a5898bdfaa,Number of golgi tendon organs per 100 muscle fibers:,A,D,D. 80-10,False,
fcefe08e-dd55-4f2f-93c6-78bb849a32b3,Which of the following increases cerebral oxygen consumption:,B,A,A. Propofo,False,
fc2ce514-4601-4e95-8575-09743be6b52c,Leading cause of hyperkalemia is?,B,D,D. Drugs,False,
a75f2c2a-740a-4192-aa5d-f47729956ba4,Waterhouse-Friderichsen syndrome is seen in ?,B,B,B. N. Meningitid,True,
4bad96bc-3ad1-4bf6-bc60-7e8480227366,A right-hand dominant person presents with Broca&;s Aphasia. This is likely to result from damage to,A,A,A. Left inferior frontal gyr,True,
e2f849be-43f8-4284-83e8-17aa0bc1ddb1,Treatment of choice for panic attack is?,B,B,B. Benzodiazepines,True,
ddd19f53-d74b-42c1-9395-40739fa1dee0,"To test the association between risk factor and disease, which of the following is the weakest study design -",B,D,D. Cross-sectional study,False,
70a3bf2d-f4d7-4b63-b963-b5cdaf667b54,Anaesthesia breathing circuit recommended for spontaneous breathing is –,A,A,A. Mapleson A,True,
c1a992f4-e6c3-4669-a077-8f565d759d94,Globi is seen in ___________ leprosy,C,A,A. leprosy,False,
7071bc94-29b2-46ab-9f95-fdc1da1b20e8,Pentameric structure -,A,A,A. IgM,True,
ef04b237-8653-4482-9391-3b3d6dbed438,Stapes is derived from which branchial arch:,B,A,A. I,False,
31785465-c6cf-4e59-8d6c-0894c87715cc,Which of the following has maximum cholesterol content:,B,B,B. LDL,True,
02804293-2037-46a5-a258-34e0b438c7fe,Which antiglaucoma drug decreases aqueous formation ?,B,D,D. Pilocarpine,False,
03978726-0cab-44ea-9497-10d40d494acf,Standard detion is a measure of-,B,A,A. Central tendency,False,
dda44456-0284-4f6c-8d6c-506f49c765b8,The most common paediatric cardiac tumour among the following is,B,A,A. Fibromas,False,
6c961239-efa4-4cdb-8338-3f7db6987cef,PFK-1 is inhibited by:,B,D,D. AMP,False,
eac1c406-7e99-4957-9684-2dff2b6d9f07,Fleeting skin lesions are often present in patients with:,A,A,A. Viral hepatitis B,True,
4fc54304-75d5-4967-85fc-73232793c356,Ganser syndrome is Frequently seen in:,C,C,C. Prisoners,True,
6ee74c8f-157d-4b12-a039-e3809dcbb84c,"Sudden decrease in atmospheric pressure in deep sea divers resulting in ""bends"" and 'Chokes"" are features of",A,A,A. Air embolism,True,
b25dc479-1ad2-48cb-bf67-0917561e98df,"A pregnant female Salma with thyrotoxicosis is planned for surgery. Before surgery can be done, her gland should be reduced in size and vascularity by administering:",C,D,D. Radioactive iodine,False,
a3054de6-0b3e-4e08-acfd-f63565caeffa,Component of Human Development Life,D,C,C. Life expectancy at age one,False,
9d4e072d-2f8c-484e-a62f-04dbbd003c7d,"In a positive tuberculin skin test, helper T cells assist in which of the following ways?",C,C,C. Secretion of interleuk,True,
30cf8dfa-20d2-4e5a-9a11-68c31e72cc92,Most common organism responsible for gas gangrene is:,A,A,A. Clostridium perfring,True,
072290c4-b911-42df-852d-bc92f95f1c68,The Most common complication in varicose vein surgery is,A,C,C. Recurrence of varicos,False,
f26ab4f3-018f-451d-8f63-d3711b865423,"An elderly patient with hypeension with diabetes, proteinuria without renal failure, antihypeensive of choice is-",C,C,C. Enalapril,True,
b83c90b9-7029-45fd-8ceb-d88a0d06280e,Acrophobia is:,B,B,B. Fear of heights,True,
e1084adf-e5f4-4e9d-9d3a-40fc0ba40478,What is the daily requirement of zinc in humans ?,B,A,A. 8 mg/day,False,
1eb63773-4aa1-450d-8b2f-e96cd48fe309,Which of the following drugs should not be given along with Sucralfate,A,B,B. Ciproflox,False,
47f973a3-cc2a-462a-bb00-5acac381323a,Mutations in Marfans syndrome is in:,B,B,B. Fibrillin,True,
ffae46d0-9668-4aa7-b6e4-5982ca4f6b0c,Ulcer that may develop in burn tissue is:,A,A,A. Marjolin's,True,
d7c6931a-d064-4bc4-a520-8283cf30c46e,'Primordial Prevention' means,B,A,A. Preventive action taken prior,False,
daf5e579-65af-49a2-b65f-6035b2c2edc2,Arsenic causes,A,D,D. Hepatic carcinoma,False,
0e9360a2-30f3-40a6-b352-467fdfc2e006,Partial or complete obstruction of some part of the C.V.S by a foreign body transported by the blood stream is termed as:,D,D,D. Embolism,True,
faa3cb71-b79e-4b1d-a2d1-b868b33f806c,Anchovy sauce pus is a feature of,A,A,A. Amoebic liver ab,True,
6c7d456c-db92-4913-a225-3f534f7e9ff7,Veins not involved in spreading infection to cavernous sinus from danger area of face:,D,C,C. Facial vein,False,
47925531-1218-4fae-a4ce-24d207c36b8c,Source of bleeding ulcer on lesser curvature of stomach is:,A,A,A. Right gastric artery,True,
19fc3bb1-f112-4806-9839-77d62aaf7bee,Fever stops and rash begins is diagnostic of-,B,B,B. Roseola infantum,True,
2834e2da-20a0-47c4-ab2d-b350de81c6c6,Rytand's murmur is heard in,C,A,A. Mitral Stenosis,False,
df37a7ba-7283-4d95-98c9-729851493cfb,Dermatophytes are –,D,D,D. Trichophyton rub,True,
fb98aea4-03fa-467f-9086-fc973208383a,CART WHEEL APPEARANCE is a feature of which of the defensive cells of the pulp,B,D,D. Basophills,False,
35cebd81-e237-4c05-a2bf-9542abbeb891,Jarisch-Herxheimer reaction is treated by administering,B,A,A. Intravenous Penic,False,
f327999d-c2d5-45b7-b64f-ec4bd9e99604,Marsupialization is the procedure done in,A,A,A. Large cyst,True,
6df37fc4-f55f-46c4-9dc5-342445681272,Which of the following stages of demographic cycle has declining population:,D,A,A. Second,False,
dcd55cc4-6976-4512-9259-b4e854a25243,The most appropriate circuit for ventilating a spontaneously breathing infant during anaesthesia is:,A,A,A. Jackson Rees' modification of,True,
e2431b8f-46ed-46d6-8e52-207288e9c2fc,Which of the following is antitubercular drugs bus assoasiated with hypothyroidism,C,C,C. Ethionamide,True,
247e84ed-7fdc-4177-a14f-c0eb18f18195,"According to Tanner stages of development, which is the first sign of pubey in females?",B,A,A. Pubarche,False,
d1b93363-a223-4e2c-adec-528077de1e60,The term modified base refers to,B,A,A. Purine or pyrim,False,
b80acf46-6c30-4822-8cc4-18df6519b795,Wilm's tumor occurs in:,D,D,D. Kidney,True,
8051c1ab-5c66-4508-992a-c010dfc96e1d,Fastest conducting nerve fiber is?,A,A,A. Alpha,True,
2b08a241-5ee1-40d6-8dc5-cad955f762e4,A patient can't extend his wrist after he has met with an accident. He has no sensory loss. Level at which the affected nerve is injured?,A,A,A. Spiral groove of hum,True,
3ba93794-1119-4d7b-b3f9-fe8d8ce88540,MDR gene acts by -,C,C,C. Causes efflux of,True,
df134cdd-0811-404e-9ef7-ae90cd3dad98,Which anesthestic modality is to be avoided in sickle cell disease,C,A,A. General anesthesia,False,
ccf97fb2-3d2e-4206-a2d5-cfa5bf095f56,Nova T has,A,A,A. Silver core,True,
cff8db0e-b2af-40fb-a7ba-2fd787650752,"A 67-year-old woman is being treated for metastatic ovarian cancer with cisplatin and cyclophosphamide. To prevent nausea and vomiting, she is given an agent that selectively antagonizes 5-hydroxytryptamine-3 (5-HT3) receptors. Which of the following drugs is this patient most likely taking?",D,D,D. Ondansetron,True,
b078bd28-e346-4bdb-8582-ff4d1f313a6d,"Death of a patient due to an unintentional act by doctor, staff or hospital is -",A,A,A. Therapeutic misadvent,True,
9e5e701e-e728-4ea9-93d4-17db0367e399,Ophthalmoplegic migraine means:,B,A,A. When headache is followed by,False,
d337418a-4308-4122-a92f-676721927262,"Relationship of aery, vein, and nerve in Parotid gland from lateral to media is?",B,A,"A. Aery, Vein,",False,
945521d1-364a-4d53-9704-4d96c3d3e364,A 7 yr patient came to opd with nodule on conjunctiva. He has history of taking TB treatment in the past. The nodule with has now encroached the limbus. What is the possible diagnosis.,C,D,D. Limbus stem cell deficiency,False,
bf4df02a-0c2f-4548-a5f8-a280b4fe6553,"Renal artery lumen is reduced by half, what will be the blood flow?",C,A,A. Reduce by 1/,False,
e691d0b7-dafc-4385-9650-46d5b522b882,Chemotherapy induced agranulocytopenia is treated with-,A,A,A. GM-CSF,True,
0c4a0853-3e75-42fb-ba21-f4704316dd6d,"The features of ""Anankastic"" personality disorder is",C,C,C. Rigidity and stubborn,True,
847402dd-1a73-419c-b1de-e7024403bd45,Adipocytes use which of following:,D,D,D. GLUT4,True,
0c1ef532-8928-4761-a24e-ff227f4d2980,Which one of the following is released by blood platelets during haemorrhage to produce vasoconstriction?,A,A,A. Serotonin,True,
2f207462-e3bc-49fb-8921-d5bdc459540b,Which of the following is not an anti histaminic drug of the ethanolamine group?,D,C,C. Dimenhydrinate,False,
a2491e4f-65f3-4b9c-bde9-a85221511bcf,The initial therapy of documented deep venous thrombosis in a post-operative case is:,B,B,B. Intravenous hepar,True,
07e3450b-b8e9-4904-9b65-8f2d4a0cdaf0,In an after coming head the following bone is perforated during craniotomy :,A,B,B. Parietal,False,
d863e8d0-06e0-4825-87d2-c1d065d2a9f7,Menke's Kinky hair syndrome is due to defect in,B,A,A. Ca transporter,False,
ff500c57-e7fc-41f9-a453-5bd1cf92dde2,"A 12 year old boy presents with hemetemesis, melena and mild splenomegaly. There is no obvious jaundice or ascites. The most likely diagnosis is",A,A,A. EHPVO,True,
323d6bd7-6761-4aff-8950-24e85c414894,Lumbar hemivertebra results due to the abnormal development of -,D,B,B. Intermediate cell mass,False,
de77739b-8e2f-4293-a0f9-c1d127704b0e,Local Anaesthetic in wound/ulcer management,C,A,A. Prilocaine,False,
cde46ed0-c1f5-48e3-991a-924968f61a9e,PEGLOTICASE IS USED FOR TREATMENT ?,C,B,B. REFRACTORY RHE,False,
4722a825-ba78-4248-aa91-378f3f953b2e,A patient presents with recurrent episodes of sharp pain over his right cheek that is precipitated on chewing. Between attacks patients is otherwise normal.The most probable diagnosis is -,B,A,A. Preherpetic neuralg,False,
4a3af08d-919c-4113-a0c9-c20e3a7b8f48,Cause of sudden loss of vision in alcoholic pancreatitis is -,C,D,D. Sudden alcohol withdrawl,False,
ddce2aa0-377d-4577-8252-2ea2c01ec362,What should be the diameter of post:,C,B,B. Same as root diameter.,False,
0b1c30e3-d092-47ed-973c-53967e57987f,Which of the following can be used to calculate hea rate from an ECG?,C,C,C. 300/ (,True,
c7b4c994-edef-4676-b27f-e0fede15cda4,A 7 month old infant presents with stridor since the tenth day of life. What is the Most likely cause ?,C,A,A. Laryngotrache,False,
4e245974-8a50-435a-af6c-4b7037cf8cac,Pseudo-Meigs syndrome syndrome seen with-,A,B,B. Adenomyosis,False,
226b3ae8-bc2d-4c66-b2a2-483fd3607e30,ASA grading is to assess?,C,B,B. Respiratory status,False,
57d5d60f-887f-4cf9-b74f-4916f2859056,Shape of nulliparous cervix is: AI 07,A,A,A. Conical,True,
8fbe0b4e-3c5f-4979-b81b-80f05dec1398,The factor which promotes virulence of M.tuberculosis -,B,C,C. Muramyl dipept,False,
1b1b5e8b-5077-41f8-8099-a6e1e947bfb4,Cryptococcus is least likely to cause infection of ?,D,A,A. Skin,False,
169f3783-140d-4f75-a91c-0ab9f75843c8,Charas is :,D,D,D. Resin exudate of,True,
2dad87f7-9b76-43ad-a1cc-2f153534c13b,Treatment of choice for sputum positive pulmonary tuberculosis detected in 1st trimester of preg ancy-,B,B,B. Start cat. I immediately,True,
098f4e45-9d02-44e7-a0f4-43fb55725417,Carbamazepine in elderly causes ?,B,A,A. Hypernatremia,False,
0b081456-953c-4157-b2e0-3b7dee2d65ca,Saw tooth appearance in abdominal barium enema X-ray:,B,A,A. Multiple polyposis,False,
38c22f82-23d7-4329-9fd1-99853b7afdda,The cementoenamel junction is approximately at the level at which the root canal becomes,C,A,A. Twisted,False,
6f7a066e-7b37-4161-ad53-89c79979b8ac,Healthy volunteers are recruited in which phase of clinical trials?,A,A,A. Phase 1,True,
fe1679b4-26c0-44a6-96ee-7f98b957ee8b,Spalding sign indicates: March 2003,C,C,C. Dead born child,True,
eafaa155-a36c-4a60-92d5-a565752d179c,Breech presentation is associated with increased incidence of perinatal morbidity. What is the percentage of breech at term?,C,D,D. 5,False,
3d8a14b7-b2d4-441b-97ca-1990d8182896,Most common presentation of Meckel's diverticulum?,A,A,A. Lower GI bleeding,True,
35b2b1c5-62da-47b2-ae68-195a8f99478b,A primipara with a cardiac lesion (MI) has come on the 40th day of delivery asking for contraception. The contraceptive of choice is :,A,A,A. Condom with spermic,True,
7caaeab8-cf9e-499f-9526-62629648c121,"The Hb level is healthy women has mean 13.5 g/dl and standard detion 1.5 g/dl, what is the Z score for a woman with Hb level 15.0 g/dl :",D,B,B. 10,False,
d163a9a8-d231-447a-8d96-d064864f0611,Pellagra like symptoms seen in which amino acid deficiency,A,A,A. Tryptophan,True,
9434551c-48b9-4ef5-b33c-abad1261565f,Permanent deformation following strain in compression in increasing order for elastomers,A,C,"C. Poly sulphide, poly",False,
d758ee59-0ada-4e65-a3b8-6f4042e863eb,Which of the following antimalarial agents is most commonly associated with acute hemolytic reaction in patients with glucose–6–phosphate dehydrogenase deficiency,D,A,A. Chloroquine,False,
6e51982d-aaa8-4801-958f-36e5a3f3132e,"In a patient with hypertrophied adenoids, the voice abnormality that is seen is -",A,A,A. Rhinolalia claus,True,
39842f58-8a29-4c6e-b751-ea3b2083932c,"An asthmatic patient is on theophylline suddenly developed infection, which of the following antibiotic should not be given to prevent side effects of theophylline?",B,D,D. Sparfloxac,False,
76c87896-9578-43b8-b516-941ca1f79458,The occlusion in an obturator appliance of elderly patient should be?,C,A,A. Balanced towards the kes,False,
7ac5570b-2c2f-4f6d-ba5f-ae8d05c5ffc8,"A 7-year-old girl has presented in the outpatient department with complaints of short stature. On examination, child has a cubitus valgus, shield shaped chest with widely spaced nipples, webbed neck and short 4th metacarpal. What is the most likely clinical diagnosis?",D,D,D. Turner syndrome,True,
d5b86693-2a4e-44ea-9c46-52f174c2974f,Each patient below is alert and oriented and has a BP110/60. In which patient would adenosine constitute appropriate initial therapy?,B,A,A. A 65-year,False,
e30245e4-a75c-4051-9fe4-1012895fbc10,Which of the following is present in cailage but not in bone tissue ?,D,A,A. Type 1 collagen,False,
98a58dfd-94dd-491f-ad0b-80fe7aa156a7,Which of the following protein can't have quaternary structure?,A,D,D. Collagen,False,
4649e4ed-4bc6-4f5c-8ffb-a9aae9740efd,Which of the following physiological change can occur when there is vagal stimulation of hea?,A,A,A. Increased R-R interval,True,
371d013b-31a1-42c2-bb49-4e57bd25af75,Earliest sign of papilloedema -,B,B,B. Blurring of disc margin,True,
f47be511-efbf-47c2-a559-9e48b0aac464,Conjugated hyperbilirubinemia is seen in:,D,A,A. Gilbert' syndrome,False,
8a3e66b0-4bc6-4e6d-95ce-a3607addae0e,Loss of vision may occur due to occlusion of -,C,A,A. Optic artery,False,
fd1ce6b8-68c7-4bc7-b837-3acecd8fbfa3,Agoraphobia is -a) Fear of open spacesb)  Fear of closed specesc) Fear of heightsd) Fear of crowded places,C,D,D. ab,False,
85f722d8-8e52-43c4-9954-371e3e80a84c,Golgi tendon organs are concerned with,C,B,B. Dynamic length,False,
1ba9120c-7e5b-4872-b6c4-8f594d96dec7,Hypoplasia of limb and scarring is caused by:,A,A,A. Varicella,True,
ef6471c2-7027-428f-a094-2716e5374d6f,Risk of the damage to the fetus by maternal rubella is maximum if the mother gets infected in -,A,A,A. 6-12 weeks,True,
4edb2a1c-16d1-47ec-857a-32917b5ba05a,The sensation of creeping bugs over the body is a features of poisoning with,A,A,A. Cocaine,True,
adbece99-8dc7-4ee1-86ed-42e30a3c667e,Risk of the damage of fetus by maternal rubella is maximum if mother gets infected in-,A,A,A. 6-12 weeks,True,
85026aba-da80-43ca-b605-63c768287594,Eye of the hand is,A,A,A. Median Nerve,True,
92d0f201-03f1-4425-ac15-753b362328b7,"5 year old child with pseudomembrane in throat, fever, sore throat, the organism causing is",B,A,A. Comma shaped gram negative b,False,
a871a090-afa6-48b1-8443-0d34476fc414,Muscle relaxant associated with increased ICP is?,C,A,A. Mivacurium,False,
94f14af5-07e5-4da7-a268-1bae064ff769,The family where parents have separated is,A,A,A. Broken family,True,
ea7cedb5-e111-4dc9-a209-923435320c38,Drug of choice in Laryngeal stenosis is:,D,D,D. Mitomycin C,True,
4764431f-8440-4a38-948c-6a50fb71a42b,Splenomegaly seen in A/E:,B,A,A. Neimann pick's,False,
5e189235-073a-40f1-86d2-6395de3434f1,Emile Durkheim is linked with work on which condition in psychiatry?,A,A,A. Suicide,True,
7fdcd846-1f1b-46c5-8c84-e0e0122ee3f2,Rhabdomvolysis seen is -,A,A,A. Hyperphosphatemia,True,
18c885c9-779d-4600-ae06-b332cf76f67a,Most common complication of scaphoid fracture is,B,B,B. Avascular necrosis,True,
d0203507-a565-48dd-af29-890f9e1b9b3c,The antimicrobial agent which inhibits the ergosterol biosynthesis is -,B,B,B. Amphotericin B,True,
c8dcca33-82d3-4cb1-a3c9-ca60ea639fb6,Which of the following procedure isassociated with maximum chance of re-canalization during surgery for reversal of tubal ligation :,A,A,A. lsthumo-is,True,
7a8fa6ed-835e-4f42-96d8-481c7470136a,Most commonly used Piezoelectric crystal is,B,B,B. Lead zirconate,True,
9dd6af4c-fe8f-4c81-b932-309d231265e8,Ligature material in case of hanging is kept preserved as ?,C,C,C. Ligature is cut away,True,
aebac434-fee8-4c15-a158-956d02511d1f,Plasma concentrations (g/mL) after administration of 5. 1 mg/kg of Gentamicin intravenously to a hypothetical patient has shown in the Graph. The red color depicted in the graph is dose given at,A,D,D. Threshold,False,
36341d3f-c349-41dd-bf03-9d5812d1ec44,Not a cause of acute anal pain,C,D,D. Perianal abscess,False,
bbaa3319-4153-4835-b064-6460b5ab0aea,A biopsy from a mass in front of the neck revealed parafollicular cells. How do you follow up?,A,A,A. Calcitonin,True,
69295a7b-fad8-4bec-9ebd-bf3f44230abd,Instrument No. 40 represents,A,A,A. Diameter at D1,True,
b16b94ee-ca72-4b85-909c-b00d6b40d92a,The most suitable agent for IV induction and maintenance in a day care surgery?,C,C,C. Propofol,True,
7e04d6d9-4fdc-4c4c-9499-537810fbdbbd,Drug of choice for early east African trypanosomiasis :,B,A,A. Pentamidine,False,
703c87cf-0af5-4715-b15b-908928f0d98c,Which of the following infection is mainly diagnosed by serological tests-,B,B,B. Q Fever,True,
a668d4af-1bfe-4005-b596-7370f58cbf57,Ureter is diagnosed during operation by -,C,A,A. Venous plexus,False,
b2285bcd-6ec1-4208-8f7d-fbca852a0fee,Which of the following insecticides is a natural product ?,B,B,B. Pyrethnun,True,
cdf2362b-46c9-4a5d-b372-67ada056ab00,Which of the following structure is not in anterior relation to left Ureter?,C,D,D. Sigmoidal artery,False,
de440312-38e9-406c-9bf2-a0569690152b,The millet rich in calcium is -,B,B,B. Ragi,True,
18459b48-8a32-438b-988b-81f212b68409,Commonest cause of death in breech delivery is/ are :,A,A,A. Intracranial hem,True,
b1c76634-d18f-4664-b008-c40c4e8badc2,. Peutz Jeghers polyps present most commonly in,D,B,B. Colon,False,
ef2ba991-de04-4ce5-bf61-93fc29b59a47,A foreign body completely obstructing the right main bronchus causes -,A,A,A. Decreased ventilation perf,True,
6db27e78-edd7-4a58-a1ac-58e82c5eae5c,"A young male develops fever, followed by headache, confusional state, focal seizures and a right hemiparesis. The MRI performed shows bilateral frontotemporal hyperintense lesion. The most likely diagnosis is",C,C,C. Neurocysticerc,True,
bd36a475-1fd6-4852-a5a9-ab10083841e9,X-rays are produced when:,B,A,A. Electron beam strike the nucle,False,
a807804e-303f-4328-bb23-d73a31823a64,Inert particles are sensitized with either antigen or antibody. Which of the following tests is used extensively to detect microbial antigens rapidly (five minute or less)?,D,A,A. Coagglutination (,False,
11e36420-8b76-49d5-9c25-2f08970ea97a,"In a post-operative patient, 21 years old with 70 kg weight, 1 unit of packed RBC will raise the hematocrit by:",B,A,A. 1,False,
e6d13c46-a6b8-429c-8766-d384e30d270c,Marion's disease is due to -,A,A,A. Muscular hypertrophy,True,
810f38cb-3f85-42be-a9ba-71610e4fd911,"Apgar scores were 3, and 6 at 1 and 5 minutes. At 10 Apgar scores were 3, and 6 at 1 and 5 minutes. At 10 minutes child shows features of breathlessness,on CXR-mediastinal shift was there, possible causes – 
a) Bilateral choanal atresiab) Pneumothoraxc) Congenital diaphragmatic herniad) Hyaline membrane disease",B,A,A. a,False,
b0dc2fba-5712-49c5-b932-6e51272efe2e,Serum sickness is:,C,C,C. Type 3 hypersens,True,
59a93937-9453-456e-b27e-a72134571626,Beck's triad is.?,C,A,"A. Increased hea sound,",False,
31fce052-cd38-4909-99e1-bbfb283723c1,Which of the following supplies lobule of ear pinna,B,A,A. Auriculotemporal,False,
4c3c589c-6e3e-48f8-a697-bcceb9703a8a,The intense craving experienced by the people recovering from chronic alcoholism can be treated by a drug which acts by being an:,D,A,A. Agonist of seroton,False,
09c694e1-1838-4f1c-bd27-1b126c075d23,Quarter staggered arrangement is seen in:,C,A,A. Immunoglobulin,False,
c3c8e76e-d840-4d07-ae99-0407c07b31d8,Posterior vibrating line is located at :,A,C,C. Hard Palate.,False,
bb0aaa84-ae5b-4ab3-8782-0260bc4ed1ea,A 10-yrs-old girl with type I diabetes develops a neuropathy limited to sensory neurons with free nerve endings. Quantitative sensory testing will reveal higher-than-normal thresholds for the detection of which of the following?,D,A,A. Fine touch,False,
110c6c5f-4db8-42ab-8f32-6141e6156c34,A man presented with a 3 day H/o lacrimation redness and discharge from left eye. Later on he developed perforation. Discharge from his eye demonstrated gram negative cocci which were oxidase positive. Which of the following can be the probable organism?,C,C,C. Neissera gon,True,
f5375f86-be34-4b1c-9005-8691b23ca6bf,A female patient has adenocarcinoma uterus along with sarcoma of uterus. it is known as :,C,D,D. Heterologous sarcom,False,
a2d485d8-80f1-49d2-b325-eabb010c8c9d,Which one is non-ionising radiation –,A,D,D. Position emission scintigraph,False,
795b9963-c689-488f-a19c-70e86c284748,The ideal muscle relaxant used for a neonate undergoing porto-enterostomy for biliary atresia is:,A,A,A. Atracurium.,True,
514537a9-95d6-4f0a-983b-1c9c22567dcc,Below the pectineal line the lymphatic spread is to .....nodes-,A,A,A. Superficial inguinal,True,
c6f49b9b-9f69-47e1-8546-a44d6bab6473,Oxygen cylinder color:,A,A,A. Black body white shoulder,True,
92d8b2d9-aae0-4c0e-bb8e-7c46e6092e6e,Cobicistat is used along which of the following antiretroviral drug?,B,C,C. Ritonavir,False,
9412f7f1-0fb7-4fe9-8ee5-ec439e474008,Structures pierced during pleural tapping are a/e,B,B,B. pulmonary pleura,True,
4376822f-4860-49c5-bcda-c1aa31e8e893,Transplacental transfer of antibodies from immunized mother to her newborn is,B,B,B. Natural passive immunity,True,
d420d463-04f7-428b-b7cf-9b7f33b36b7c,The uterine pa of uterine tube opens at the superior angle of the uterine cavity by ?,B,B,B. ostium,True,
691b6162-2d81-429e-81b7-cf1dec87a2c2,Caplan Syndrome is Pneumoconiosis with,C,A,A. Lymphadenopathy,False,
8c3bebf1-29fd-4a75-996c-e1310ef9085d,Which of the following drugs is mosst likely to cause loss of equilibrium and auditory damage?,A,A,A. Amikacin,True,
e9d19b6c-b244-46cc-84ca-4dc18f8ed0ee,"In fracture neck of fibula, the following nerve is involved",A,D,D. Medial popliteal,False,
e6a0ed55-42b1-455c-a7db-6c3c0e51b14b,Which of the following is not a 2 way communication -,A,A,A. Lectures,True,
d9600222-5c5c-423e-8f73-1de9102fb20c,The parotid duct is known as,B,B,B. Stenson's duct,True,
f1816e09-9f74-4aff-9c2d-42e3cce27cf3,Which of the following fungi is/are difficult to isolate culture -,D,C,C. Cryptococcus,False,
23e4587c-5e0f-47a9-98f6-9f357d5c13f5,Which one of the following is used for Severe male factor infertility?,C,C,C. ICSI,True,
34c5ae30-0251-4530-b3d9-71b6ec52e08a,"In Alzheimer disease patients, the major effect on neurotransmitter systems of tacrine, donepezil, rivastigmine, and galantamine is to",C,C,C. increase Ach availability,True,
8d30fcb5-4b0a-43d9-9d32-a6c5d5fd828a,Elagolix sodium was approved by FDA in July 2018 for,B,B,B. Pain of endometriosis,True,
46a229d3-d601-4a79-874d-84158950b071,Mean deviation is -,A,A,A. Measure of dispersion,True,
3606ddde-1c7f-4a04-81c6-872916d9d988,Which of the following is a neutralisation test?,A,A,A. Kahn test,True,
02ff7837-ff3a-4195-8d3f-1403a2368f2f,Ipsilateral VI & VII nerve palsy with contralateral hemiplegia is known as,B,C,C. Lateral medullary syndrome,False,
